<?xml version="1.0" encoding="UTF-8"?>
<gpx creator="StravaGPX" version="1.1" xmlns="http://www.topografix.com/GPX/1/1" xmlns:xsi="http://www.w3.org/2001/XMLSchema-instance" xsi:schemaLocation="http://www.topografix.com/GPX/1/1 http://www.topografix.com/GPX/1/1/gpx.xsd">
 <metadata>
  <name>RCR 46k</name>
  <author>
   <name>john csorgo</name>
  </author>
  <copyright author="OpenStreetMap contributors">
   <year>2020</year>
   <license>https://www.openstreetmap.org/copyright</license>
  </copyright>
 </metadata>
 <trk>
  <name>RCR 46k</name>
  <link href=""/>
  <type>running</type>
  <trkseg>
   <trkpt lat="-37.81741" lon="145.37931">
    <ele>427.64</ele>
   </trkpt>
   <trkpt lat="-37.817550000000004" lon="145.37901000000002">
    <ele>428.3</ele>
   </trkpt>
   <trkpt lat="-37.81752" lon="145.37898">
    <ele>428.3</ele>
   </trkpt>
   <trkpt lat="-37.81743" lon="145.37873000000002">
    <ele>430.62000000000006</ele>
   </trkpt>
   <trkpt lat="-37.81727" lon="145.37852">
    <ele>432.08</ele>
   </trkpt>
   <trkpt lat="-37.81696" lon="145.37828000000002">
    <ele>432.19</ele>
   </trkpt>
   <trkpt lat="-37.81676" lon="145.37821000000002">
    <ele>432.19</ele>
   </trkpt>
   <trkpt lat="-37.81656" lon="145.37825">
    <ele>431.97</ele>
   </trkpt>
   <trkpt lat="-37.81642" lon="145.37833">
    <ele>431.21000000000004</ele>
   </trkpt>
   <trkpt lat="-37.81629" lon="145.37849">
    <ele>430.39000000000004</ele>
   </trkpt>
   <trkpt lat="-37.81617" lon="145.37872000000002">
    <ele>429.86</ele>
   </trkpt>
   <trkpt lat="-37.81613" lon="145.37887">
    <ele>428.27000000000004</ele>
   </trkpt>
   <trkpt lat="-37.816" lon="145.37896">
    <ele>427.37</ele>
   </trkpt>
   <trkpt lat="-37.81579" lon="145.3788">
    <ele>426.55</ele>
   </trkpt>
   <trkpt lat="-37.81566" lon="145.37857000000002">
    <ele>426.02</ele>
   </trkpt>
   <trkpt lat="-37.81523" lon="145.37830000000002">
    <ele>425.06000000000006</ele>
   </trkpt>
   <trkpt lat="-37.814980000000006" lon="145.37811000000002">
    <ele>424.95000000000005</ele>
   </trkpt>
   <trkpt lat="-37.81452000139405" lon="145.37752499628826">
    <ele>431.32000000000005</ele>
   </trkpt>
   <trkpt lat="-37.814060000000005" lon="145.37694000000002">
    <ele>436.54</ele>
   </trkpt>
   <trkpt lat="-37.81405" lon="145.37694000000002">
    <ele>436.54</ele>
   </trkpt>
   <trkpt lat="-37.813950001576174" lon="145.37632499902864">
    <ele>441.72</ele>
   </trkpt>
   <trkpt lat="-37.81385" lon="145.37571">
    <ele>444.93000000000006</ele>
   </trkpt>
   <trkpt lat="-37.81367000265798" lon="145.37491499800237">
    <ele>453.98</ele>
   </trkpt>
   <trkpt lat="-37.81349" lon="145.37412">
    <ele>458.38000000000005</ele>
   </trkpt>
   <trkpt lat="-37.81331" lon="145.37307">
    <ele>459.37000000000006</ele>
   </trkpt>
   <trkpt lat="-37.81358" lon="145.37265000000002">
    <ele>460.69000000000005</ele>
   </trkpt>
   <trkpt lat="-37.81396" lon="145.37239000000002">
    <ele>463.45000000000005</ele>
   </trkpt>
   <trkpt lat="-37.81441" lon="145.37232">
    <ele>465.16</ele>
   </trkpt>
   <trkpt lat="-37.81461" lon="145.37204">
    <ele>467.49</ele>
   </trkpt>
   <trkpt lat="-37.81479" lon="145.37143">
    <ele>471.95000000000005</ele>
   </trkpt>
   <trkpt lat="-37.81481" lon="145.37055">
    <ele>475.23</ele>
   </trkpt>
   <trkpt lat="-37.81467" lon="145.36967">
    <ele>467.59000000000003</ele>
   </trkpt>
   <trkpt lat="-37.81459" lon="145.36878000000002">
    <ele>458.78000000000003</ele>
   </trkpt>
   <trkpt lat="-37.81459" lon="145.36827000000002">
    <ele>454.77000000000004</ele>
   </trkpt>
   <trkpt lat="-37.8147" lon="145.36782000000002">
    <ele>451.24</ele>
   </trkpt>
   <trkpt lat="-37.81488" lon="145.36741">
    <ele>446.91</ele>
   </trkpt>
   <trkpt lat="-37.81508" lon="145.36724">
    <ele>445.01</ele>
   </trkpt>
   <trkpt lat="-37.81537" lon="145.36716">
    <ele>444.63</ele>
   </trkpt>
   <trkpt lat="-37.8155" lon="145.36708000000002">
    <ele>445.72</ele>
   </trkpt>
   <trkpt lat="-37.81573" lon="145.36681000000002">
    <ele>448.11000000000007</ele>
   </trkpt>
   <trkpt lat="-37.81615" lon="145.36669">
    <ele>453.11</ele>
   </trkpt>
   <trkpt lat="-37.81683000009892" lon="145.36669999990934">
    <ele>460.92</ele>
   </trkpt>
   <trkpt lat="-37.817510000000006" lon="145.36671">
    <ele>469.03000000000003</ele>
   </trkpt>
   <trkpt lat="-37.81765" lon="145.36620000000002">
    <ele>472.83000000000004</ele>
   </trkpt>
   <trkpt lat="-37.81774" lon="145.36595">
    <ele>472.49</ele>
   </trkpt>
   <trkpt lat="-37.81774" lon="145.36581">
    <ele>471.08000000000004</ele>
   </trkpt>
   <trkpt lat="-37.8177" lon="145.36568000000003">
    <ele>470.73</ele>
   </trkpt>
   <trkpt lat="-37.817600000000006" lon="145.36507">
    <ele>466.68</ele>
   </trkpt>
   <trkpt lat="-37.817600000000006" lon="145.36438">
    <ele>464.97</ele>
   </trkpt>
   <trkpt lat="-37.81765" lon="145.36397000000002">
    <ele>463.52000000000004</ele>
   </trkpt>
   <trkpt lat="-37.81779" lon="145.36370000000002">
    <ele>463.33</ele>
   </trkpt>
   <trkpt lat="-37.817980000000006" lon="145.36344000000003">
    <ele>462.59000000000003</ele>
   </trkpt>
   <trkpt lat="-37.8183" lon="145.36328">
    <ele>462.57000000000005</ele>
   </trkpt>
   <trkpt lat="-37.81877" lon="145.36299000000002">
    <ele>469.07000000000005</ele>
   </trkpt>
   <trkpt lat="-37.81931" lon="145.36299000000002">
    <ele>484.53000000000003</ele>
   </trkpt>
   <trkpt lat="-37.81949" lon="145.36302">
    <ele>496.34000000000003</ele>
   </trkpt>
   <trkpt lat="-37.81958" lon="145.36325000000002">
    <ele>502.07</ele>
   </trkpt>
   <trkpt lat="-37.81969" lon="145.36317000000003">
    <ele>503.45000000000005</ele>
   </trkpt>
   <trkpt lat="-37.81976" lon="145.36298000000002">
    <ele>503.4200000000001</ele>
   </trkpt>
   <trkpt lat="-37.81996" lon="145.36259">
    <ele>505.97</ele>
   </trkpt>
   <trkpt lat="-37.82016" lon="145.36235000000002">
    <ele>511.19</ele>
   </trkpt>
   <trkpt lat="-37.82092" lon="145.36214">
    <ele>536.76</ele>
   </trkpt>
   <trkpt lat="-37.82114" lon="145.36204">
    <ele>544.12</ele>
   </trkpt>
   <trkpt lat="-37.82168" lon="145.36193">
    <ele>551.5600000000001</ele>
   </trkpt>
   <trkpt lat="-37.82186" lon="145.36196">
    <ele>552.46</ele>
   </trkpt>
   <trkpt lat="-37.82222" lon="145.36195">
    <ele>552.07</ele>
   </trkpt>
   <trkpt lat="-37.822390000000006" lon="145.36191000000002">
    <ele>551.9900000000001</ele>
   </trkpt>
   <trkpt lat="-37.82251" lon="145.36179">
    <ele>551.8100000000001</ele>
   </trkpt>
   <trkpt lat="-37.82278" lon="145.36161">
    <ele>551.15</ele>
   </trkpt>
   <trkpt lat="-37.82285" lon="145.36151">
    <ele>550.94</ele>
   </trkpt>
   <trkpt lat="-37.82287" lon="145.36139">
    <ele>550.44</ele>
   </trkpt>
   <trkpt lat="-37.82251" lon="145.36086">
    <ele>543.52</ele>
   </trkpt>
   <trkpt lat="-37.82247" lon="145.36068">
    <ele>538.5699999999999</ele>
   </trkpt>
   <trkpt lat="-37.82251" lon="145.36048000000002">
    <ele>537.37</ele>
   </trkpt>
   <trkpt lat="-37.82291" lon="145.35968000000003">
    <ele>541.0200000000001</ele>
   </trkpt>
   <trkpt lat="-37.82314" lon="145.35915">
    <ele>541.8000000000001</ele>
   </trkpt>
   <trkpt lat="-37.82334" lon="145.3588">
    <ele>547.69</ele>
   </trkpt>
   <trkpt lat="-37.8237" lon="145.35811">
    <ele>547.7200000000001</ele>
   </trkpt>
   <trkpt lat="-37.82405" lon="145.35753000000003">
    <ele>545.24</ele>
   </trkpt>
   <trkpt lat="-37.82419" lon="145.35738">
    <ele>545.51</ele>
   </trkpt>
   <trkpt lat="-37.82493" lon="145.35696000000002">
    <ele>557.62</ele>
   </trkpt>
   <trkpt lat="-37.82504" lon="145.35681000000002">
    <ele>559.01</ele>
   </trkpt>
   <trkpt lat="-37.825320000000005" lon="145.35658">
    <ele>564.4200000000001</ele>
   </trkpt>
   <trkpt lat="-37.82536" lon="145.35629">
    <ele>566.88</ele>
   </trkpt>
   <trkpt lat="-37.82529" lon="145.35569">
    <ele>570.6</ele>
   </trkpt>
   <trkpt lat="-37.82529" lon="145.35529000000002">
    <ele>571.22</ele>
   </trkpt>
   <trkpt lat="-37.82531" lon="145.35505">
    <ele>571.72</ele>
   </trkpt>
   <trkpt lat="-37.82535" lon="145.35486">
    <ele>572.73</ele>
   </trkpt>
   <trkpt lat="-37.82544" lon="145.35431">
    <ele>577.64</ele>
   </trkpt>
   <trkpt lat="-37.82555" lon="145.35337">
    <ele>584.49</ele>
   </trkpt>
   <trkpt lat="-37.82553" lon="145.35331000000002">
    <ele>584.49</ele>
   </trkpt>
   <trkpt lat="-37.82547" lon="145.35287000000002">
    <ele>584.4200000000001</ele>
   </trkpt>
   <trkpt lat="-37.82551" lon="145.35260000000002">
    <ele>583.9700000000001</ele>
   </trkpt>
   <trkpt lat="-37.82558" lon="145.35231000000002">
    <ele>583.21</ele>
   </trkpt>
   <trkpt lat="-37.82596" lon="145.35162000000003">
    <ele>579.95</ele>
   </trkpt>
   <trkpt lat="-37.826240000000006" lon="145.35123000000002">
    <ele>577.1400000000001</ele>
   </trkpt>
   <trkpt lat="-37.82625" lon="145.35123000000002">
    <ele>577.1400000000001</ele>
   </trkpt>
   <trkpt lat="-37.82658" lon="145.35101">
    <ele>575.47</ele>
   </trkpt>
   <trkpt lat="-37.82701" lon="145.35084">
    <ele>575.98</ele>
   </trkpt>
   <trkpt lat="-37.82758000007891" lon="145.35072500088367">
    <ele>573.3900000000001</ele>
   </trkpt>
   <trkpt lat="-37.82815" lon="145.35061000000002">
    <ele>574.1700000000001</ele>
   </trkpt>
   <trkpt lat="-37.8286300000965" lon="145.35060500003155">
    <ele>576.01</ele>
   </trkpt>
   <trkpt lat="-37.82911" lon="145.35060000000001">
    <ele>573.16</ele>
   </trkpt>
   <trkpt lat="-37.82943" lon="145.35047">
    <ele>567.9399999999999</ele>
   </trkpt>
   <trkpt lat="-37.82963" lon="145.35047">
    <ele>565.2600000000001</ele>
   </trkpt>
   <trkpt lat="-37.82999" lon="145.35055">
    <ele>562.84</ele>
   </trkpt>
   <trkpt lat="-37.83032" lon="145.35069000000001">
    <ele>559.47</ele>
   </trkpt>
   <trkpt lat="-37.83066" lon="145.35092">
    <ele>557.62</ele>
   </trkpt>
   <trkpt lat="-37.83093" lon="145.35097000000002">
    <ele>555.48</ele>
   </trkpt>
   <trkpt lat="-37.83122" lon="145.35091">
    <ele>555.84</ele>
   </trkpt>
   <trkpt lat="-37.83162" lon="145.35071000000002">
    <ele>562.45</ele>
   </trkpt>
   <trkpt lat="-37.83196" lon="145.35046">
    <ele>569.8000000000001</ele>
   </trkpt>
   <trkpt lat="-37.83231" lon="145.35010000000003">
    <ele>576.71</ele>
   </trkpt>
   <trkpt lat="-37.83267" lon="145.34969">
    <ele>585.0000000000001</ele>
   </trkpt>
   <trkpt lat="-37.83274" lon="145.34954000000002">
    <ele>585.5600000000001</ele>
   </trkpt>
   <trkpt lat="-37.83287" lon="145.34947000000003">
    <ele>586.37</ele>
   </trkpt>
   <trkpt lat="-37.83296" lon="145.34934">
    <ele>587.34</ele>
   </trkpt>
   <trkpt lat="-37.83323" lon="145.34911000000002">
    <ele>591.92</ele>
   </trkpt>
   <trkpt lat="-37.833330000000004" lon="145.3484">
    <ele>595.25</ele>
   </trkpt>
   <trkpt lat="-37.83346" lon="145.34808">
    <ele>594.62</ele>
   </trkpt>
   <trkpt lat="-37.83379500052499" lon="145.34767500204265">
    <ele>596.7900000000001</ele>
   </trkpt>
   <trkpt lat="-37.83413" lon="145.34727">
    <ele>596.4200000000001</ele>
   </trkpt>
   <trkpt lat="-37.8344" lon="145.34703000000002">
    <ele>596.4200000000001</ele>
   </trkpt>
   <trkpt lat="-37.83487" lon="145.34681">
    <ele>596.33</ele>
   </trkpt>
   <trkpt lat="-37.835150000000006" lon="145.34676000000002">
    <ele>596.8500000000001</ele>
   </trkpt>
   <trkpt lat="-37.83574" lon="145.34658000000002">
    <ele>600.4200000000001</ele>
   </trkpt>
   <trkpt lat="-37.83601" lon="145.34655">
    <ele>602.89</ele>
   </trkpt>
   <trkpt lat="-37.8363" lon="145.34654">
    <ele>607.63</ele>
   </trkpt>
   <trkpt lat="-37.83668" lon="145.34659000000002">
    <ele>610.58</ele>
   </trkpt>
   <trkpt lat="-37.83681" lon="145.34658000000002">
    <ele>610.36</ele>
   </trkpt>
   <trkpt lat="-37.83699" lon="145.34654">
    <ele>608.14</ele>
   </trkpt>
   <trkpt lat="-37.83706" lon="145.34649000000002">
    <ele>606.34</ele>
   </trkpt>
   <trkpt lat="-37.83726" lon="145.34629">
    <ele>601.11</ele>
   </trkpt>
   <trkpt lat="-37.83733" lon="145.34626">
    <ele>599.07</ele>
   </trkpt>
   <trkpt lat="-37.8376" lon="145.34623000000002">
    <ele>592.45</ele>
   </trkpt>
   <trkpt lat="-37.83771" lon="145.34619">
    <ele>590.1800000000001</ele>
   </trkpt>
   <trkpt lat="-37.83791" lon="145.34608">
    <ele>585.1800000000001</ele>
   </trkpt>
   <trkpt lat="-37.83813" lon="145.34605000000002">
    <ele>579.32</ele>
   </trkpt>
   <trkpt lat="-37.83834" lon="145.34596000000002">
    <ele>571.28</ele>
   </trkpt>
   <trkpt lat="-37.83843" lon="145.34587000000002">
    <ele>568.72</ele>
   </trkpt>
   <trkpt lat="-37.83856" lon="145.34584">
    <ele>565.73</ele>
   </trkpt>
   <trkpt lat="-37.83872" lon="145.34589000000003">
    <ele>564.24</ele>
   </trkpt>
   <trkpt lat="-37.83896" lon="145.34608">
    <ele>564.3900000000001</ele>
   </trkpt>
   <trkpt lat="-37.83912" lon="145.34611">
    <ele>562.06</ele>
   </trkpt>
   <trkpt lat="-37.83979" lon="145.34601">
    <ele>546.4300000000001</ele>
   </trkpt>
   <trkpt lat="-37.84004" lon="145.34603">
    <ele>542.35</ele>
   </trkpt>
   <trkpt lat="-37.84013" lon="145.34605000000002">
    <ele>540.91</ele>
   </trkpt>
   <trkpt lat="-37.84033" lon="145.34614000000002">
    <ele>537.9300000000001</ele>
   </trkpt>
   <trkpt lat="-37.84035" lon="145.34612">
    <ele>537.9300000000001</ele>
   </trkpt>
   <trkpt lat="-37.84035" lon="145.34613000000002">
    <ele>537.9300000000001</ele>
   </trkpt>
   <trkpt lat="-37.84035" lon="145.34608">
    <ele>537.0100000000001</ele>
   </trkpt>
   <trkpt lat="-37.84004" lon="145.34539">
    <ele>527.3500000000001</ele>
   </trkpt>
   <trkpt lat="-37.83977" lon="145.34502">
    <ele>515.15</ele>
   </trkpt>
   <trkpt lat="-37.83977" lon="145.34496000000001">
    <ele>515.15</ele>
   </trkpt>
   <trkpt lat="-37.83979" lon="145.34494">
    <ele>515.15</ele>
   </trkpt>
   <trkpt lat="-37.8401" lon="145.34494">
    <ele>510.15</ele>
   </trkpt>
   <trkpt lat="-37.84053" lon="145.34499000000002">
    <ele>504.73</ele>
   </trkpt>
   <trkpt lat="-37.84082" lon="145.34505000000001">
    <ele>500.02</ele>
   </trkpt>
   <trkpt lat="-37.84118" lon="145.34518">
    <ele>494.7900000000001</ele>
   </trkpt>
   <trkpt lat="-37.84122" lon="145.34518">
    <ele>490.28000000000003</ele>
   </trkpt>
   <trkpt lat="-37.84122" lon="145.34513">
    <ele>490.28000000000003</ele>
   </trkpt>
   <trkpt lat="-37.8412" lon="145.34506000000002">
    <ele>490.28000000000003</ele>
   </trkpt>
   <trkpt lat="-37.84066" lon="145.34425000000002">
    <ele>473.59000000000003</ele>
   </trkpt>
   <trkpt lat="-37.84051" lon="145.34409000000002">
    <ele>470.59000000000003</ele>
   </trkpt>
   <trkpt lat="-37.84028" lon="145.34392000000003">
    <ele>466.84000000000003</ele>
   </trkpt>
   <trkpt lat="-37.84024" lon="145.34384">
    <ele>465.39000000000004</ele>
   </trkpt>
   <trkpt lat="-37.84057" lon="145.34386">
    <ele>462.64000000000004</ele>
   </trkpt>
   <trkpt lat="-37.84091" lon="145.34394">
    <ele>459.34000000000003</ele>
   </trkpt>
   <trkpt lat="-37.84125" lon="145.34408000000002">
    <ele>457.69000000000005</ele>
   </trkpt>
   <trkpt lat="-37.84163" lon="145.34426000000002">
    <ele>454.61</ele>
   </trkpt>
   <trkpt lat="-37.84183" lon="145.34441">
    <ele>454.08000000000004</ele>
   </trkpt>
   <trkpt lat="-37.842040000000004" lon="145.34463000000002">
    <ele>453.17</ele>
   </trkpt>
   <trkpt lat="-37.84221" lon="145.34493">
    <ele>452.26000000000005</ele>
   </trkpt>
   <trkpt lat="-37.8423" lon="145.34518">
    <ele>452.0</ele>
   </trkpt>
   <trkpt lat="-37.84239" lon="145.34554">
    <ele>450.97</ele>
   </trkpt>
   <trkpt lat="-37.84241" lon="145.34594">
    <ele>449.0</ele>
   </trkpt>
   <trkpt lat="-37.84239" lon="145.34612">
    <ele>448.17</ele>
   </trkpt>
   <trkpt lat="-37.8423" lon="145.34661">
    <ele>446.51</ele>
   </trkpt>
   <trkpt lat="-37.84228" lon="145.3468">
    <ele>445.07</ele>
   </trkpt>
   <trkpt lat="-37.84228" lon="145.347">
    <ele>445.07</ele>
   </trkpt>
   <trkpt lat="-37.84232" lon="145.34731000000002">
    <ele>443.12</ele>
   </trkpt>
   <trkpt lat="-37.8423" lon="145.34775000000002">
    <ele>439.58000000000004</ele>
   </trkpt>
   <trkpt lat="-37.84221" lon="145.34804000000003">
    <ele>438.76000000000005</ele>
   </trkpt>
   <trkpt lat="-37.842000000000006" lon="145.34844">
    <ele>437.18</ele>
   </trkpt>
   <trkpt lat="-37.841860000000004" lon="145.34887">
    <ele>435.71000000000004</ele>
   </trkpt>
   <trkpt lat="-37.84198000000001" lon="145.34904">
    <ele>431.63</ele>
   </trkpt>
   <trkpt lat="-37.8421" lon="145.34902000000002">
    <ele>426.73</ele>
   </trkpt>
   <trkpt lat="-37.84219" lon="145.34892000000002">
    <ele>426.73</ele>
   </trkpt>
   <trkpt lat="-37.84237" lon="145.3488">
    <ele>423.95000000000005</ele>
   </trkpt>
   <trkpt lat="-37.842760000000006" lon="145.34866000000002">
    <ele>412.38</ele>
   </trkpt>
   <trkpt lat="-37.84286" lon="145.34865000000002">
    <ele>412.38</ele>
   </trkpt>
   <trkpt lat="-37.84297" lon="145.34869">
    <ele>409.86000000000007</ele>
   </trkpt>
   <trkpt lat="-37.84304" lon="145.34869">
    <ele>409.08000000000004</ele>
   </trkpt>
   <trkpt lat="-37.84313" lon="145.34868">
    <ele>407.73</ele>
   </trkpt>
   <trkpt lat="-37.84322" lon="145.34862">
    <ele>406.28000000000003</ele>
   </trkpt>
   <trkpt lat="-37.84328" lon="145.34847000000002">
    <ele>405.64000000000004</ele>
   </trkpt>
   <trkpt lat="-37.84337" lon="145.34801000000002">
    <ele>403.35</ele>
   </trkpt>
   <trkpt lat="-37.84382" lon="145.34711000000001">
    <ele>391.15000000000003</ele>
   </trkpt>
   <trkpt lat="-37.84384" lon="145.3469">
    <ele>387.40000000000003</ele>
   </trkpt>
   <trkpt lat="-37.84378" lon="145.34646">
    <ele>379.66</ele>
   </trkpt>
   <trkpt lat="-37.8438" lon="145.34609">
    <ele>375.14000000000004</ele>
   </trkpt>
   <trkpt lat="-37.843880000000006" lon="145.34591">
    <ele>369.75</ele>
   </trkpt>
   <trkpt lat="-37.84393" lon="145.34585">
    <ele>369.75</ele>
   </trkpt>
   <trkpt lat="-37.84398" lon="145.34587000000002">
    <ele>367.3</ele>
   </trkpt>
   <trkpt lat="-37.84418" lon="145.34607000000003">
    <ele>362.8</ele>
   </trkpt>
   <trkpt lat="-37.84445" lon="145.34615000000002">
    <ele>359.21000000000004</ele>
   </trkpt>
   <trkpt lat="-37.845060000000004" lon="145.34613000000002">
    <ele>343.25000000000006</ele>
   </trkpt>
   <trkpt lat="-37.84519" lon="145.34607000000003">
    <ele>343.25000000000006</ele>
   </trkpt>
   <trkpt lat="-37.84543" lon="145.3459">
    <ele>336.59</ele>
   </trkpt>
   <trkpt lat="-37.84548" lon="145.34592">
    <ele>335.84000000000003</ele>
   </trkpt>
   <trkpt lat="-37.84561" lon="145.34591">
    <ele>332.36</ele>
   </trkpt>
   <trkpt lat="-37.84572" lon="145.34585">
    <ele>329.03000000000003</ele>
   </trkpt>
   <trkpt lat="-37.8459" lon="145.34558">
    <ele>326.89</ele>
   </trkpt>
   <trkpt lat="-37.84595" lon="145.34548">
    <ele>326.23</ele>
   </trkpt>
   <trkpt lat="-37.84597" lon="145.34538">
    <ele>325.95</ele>
   </trkpt>
   <trkpt lat="-37.84586" lon="145.34505000000001">
    <ele>324.87000000000006</ele>
   </trkpt>
   <trkpt lat="-37.8457" lon="145.34482">
    <ele>323.36</ele>
   </trkpt>
   <trkpt lat="-37.84559" lon="145.34452000000002">
    <ele>320.21000000000004</ele>
   </trkpt>
   <trkpt lat="-37.84557" lon="145.34426000000002">
    <ele>317.18</ele>
   </trkpt>
   <trkpt lat="-37.84559" lon="145.34419000000003">
    <ele>317.18</ele>
   </trkpt>
   <trkpt lat="-37.84568" lon="145.34411">
    <ele>315.03000000000003</ele>
   </trkpt>
   <trkpt lat="-37.84579" lon="145.34413">
    <ele>313.47</ele>
   </trkpt>
   <trkpt lat="-37.84599" lon="145.34422">
    <ele>310.49</ele>
   </trkpt>
   <trkpt lat="-37.84642" lon="145.34432">
    <ele>302.43</ele>
   </trkpt>
   <trkpt lat="-37.84657" lon="145.34428">
    <ele>300.26000000000005</ele>
   </trkpt>
   <trkpt lat="-37.84666" lon="145.3442">
    <ele>298.33000000000004</ele>
   </trkpt>
   <trkpt lat="-37.84691" lon="145.34377">
    <ele>293.2</ele>
   </trkpt>
   <trkpt lat="-37.84702" lon="145.34371000000002">
    <ele>292.02</ele>
   </trkpt>
   <trkpt lat="-37.84709" lon="145.34374000000003">
    <ele>291.39000000000004</ele>
   </trkpt>
   <trkpt lat="-37.847170000000006" lon="145.34381000000002">
    <ele>291.39000000000004</ele>
   </trkpt>
   <trkpt lat="-37.84718" lon="145.34387">
    <ele>289.90999999999997</ele>
   </trkpt>
   <trkpt lat="-37.8472" lon="145.34408000000002">
    <ele>289.90999999999997</ele>
   </trkpt>
   <trkpt lat="-37.84716" lon="145.34426000000002">
    <ele>299.64</ele>
   </trkpt>
   <trkpt lat="-37.847190000000005" lon="145.34395">
    <ele>290.09000000000003</ele>
   </trkpt>
   <trkpt lat="-37.8472" lon="145.34408000000002">
    <ele>290.09000000000003</ele>
   </trkpt>
   <trkpt lat="-37.84707" lon="145.34472000000002">
    <ele>286.56000000000006</ele>
   </trkpt>
   <trkpt lat="-37.84707" lon="145.34496000000001">
    <ele>286.62000000000006</ele>
   </trkpt>
   <trkpt lat="-37.847170000000006" lon="145.34528">
    <ele>287.11</ele>
   </trkpt>
   <trkpt lat="-37.84722" lon="145.34541000000002">
    <ele>287.14</ele>
   </trkpt>
   <trkpt lat="-37.84731" lon="145.34550000000002">
    <ele>287.12000000000006</ele>
   </trkpt>
   <trkpt lat="-37.84745" lon="145.34555">
    <ele>286.96999999999997</ele>
   </trkpt>
   <trkpt lat="-37.84756" lon="145.34556">
    <ele>286.55</ele>
   </trkpt>
   <trkpt lat="-37.84781" lon="145.34555">
    <ele>285.17</ele>
   </trkpt>
   <trkpt lat="-37.84789" lon="145.34557">
    <ele>284.19</ele>
   </trkpt>
   <trkpt lat="-37.84798" lon="145.34563">
    <ele>283.49</ele>
   </trkpt>
   <trkpt lat="-37.848200000000006" lon="145.3459">
    <ele>280.49</ele>
   </trkpt>
   <trkpt lat="-37.84848" lon="145.34639">
    <ele>277.08000000000004</ele>
   </trkpt>
   <trkpt lat="-37.84852" lon="145.34641000000002">
    <ele>277.08000000000004</ele>
   </trkpt>
   <trkpt lat="-37.84854" lon="145.34643">
    <ele>277.08000000000004</ele>
   </trkpt>
   <trkpt lat="-37.84857" lon="145.34639">
    <ele>277.08000000000004</ele>
   </trkpt>
   <trkpt lat="-37.84859" lon="145.34626">
    <ele>275.76</ele>
   </trkpt>
   <trkpt lat="-37.848600001899754" lon="145.34558999997228">
    <ele>271.23</ele>
   </trkpt>
   <trkpt lat="-37.84861" lon="145.34492">
    <ele>268.29</ele>
   </trkpt>
   <trkpt lat="-37.84868" lon="145.34415">
    <ele>266.97</ele>
   </trkpt>
   <trkpt lat="-37.84875" lon="145.34365000000003">
    <ele>266.47</ele>
   </trkpt>
   <trkpt lat="-37.84875" lon="145.34361">
    <ele>266.43</ele>
   </trkpt>
   <trkpt lat="-37.84886" lon="145.34412">
    <ele>270.61</ele>
   </trkpt>
   <trkpt lat="-37.84895" lon="145.34452000000002">
    <ele>278.01000000000005</ele>
   </trkpt>
   <trkpt lat="-37.8491" lon="145.34499000000002">
    <ele>284.77000000000004</ele>
   </trkpt>
   <trkpt lat="-37.84937" lon="145.34567">
    <ele>297.32000000000005</ele>
   </trkpt>
   <trkpt lat="-37.84964" lon="145.34674">
    <ele>307.49</ele>
   </trkpt>
   <trkpt lat="-37.84975" lon="145.34712000000002">
    <ele>310.68</ele>
   </trkpt>
   <trkpt lat="-37.85007" lon="145.34765000000002">
    <ele>321.24</ele>
   </trkpt>
   <trkpt lat="-37.85033500150118" lon="145.34822999808796">
    <ele>329.24</ele>
   </trkpt>
   <trkpt lat="-37.8506" lon="145.34881000000001">
    <ele>337.1</ele>
   </trkpt>
   <trkpt lat="-37.8508" lon="145.34936000000002">
    <ele>343.33000000000004</ele>
   </trkpt>
   <trkpt lat="-37.85098" lon="145.34968">
    <ele>352.25</ele>
   </trkpt>
   <trkpt lat="-37.85105" lon="145.34977">
    <ele>357.03000000000003</ele>
   </trkpt>
   <trkpt lat="-37.85116" lon="145.34979">
    <ele>360.00000000000006</ele>
   </trkpt>
   <trkpt lat="-37.85195" lon="145.34931">
    <ele>390.07</ele>
   </trkpt>
   <trkpt lat="-37.85246" lon="145.34893000000002">
    <ele>410.75000000000006</ele>
   </trkpt>
   <trkpt lat="-37.85262" lon="145.34889">
    <ele>413.32</ele>
   </trkpt>
   <trkpt lat="-37.85284" lon="145.34871">
    <ele>422.15000000000003</ele>
   </trkpt>
   <trkpt lat="-37.85298" lon="145.34869">
    <ele>425.6</ele>
   </trkpt>
   <trkpt lat="-37.85329" lon="145.34838000000002">
    <ele>431.77000000000004</ele>
   </trkpt>
   <trkpt lat="-37.853440000000006" lon="145.34834">
    <ele>434.1700000000001</ele>
   </trkpt>
   <trkpt lat="-37.85343" lon="145.34844">
    <ele>434.37</ele>
   </trkpt>
   <trkpt lat="-37.85349" lon="145.34869">
    <ele>442.42</ele>
   </trkpt>
   <trkpt lat="-37.85378" lon="145.34931">
    <ele>446.83000000000004</ele>
   </trkpt>
   <trkpt lat="-37.85419" lon="145.34983000000003">
    <ele>454.11</ele>
   </trkpt>
   <trkpt lat="-37.85468" lon="145.35037">
    <ele>469.93</ele>
   </trkpt>
   <trkpt lat="-37.85507500138615" lon="145.35092499714384">
    <ele>477.73</ele>
   </trkpt>
   <trkpt lat="-37.855470000000004" lon="145.35148">
    <ele>486.69000000000005</ele>
   </trkpt>
   <trkpt lat="-37.85580500087528" lon="145.35193999788288">
    <ele>494.28000000000003</ele>
   </trkpt>
   <trkpt lat="-37.85614" lon="145.35240000000002">
    <ele>503.84000000000003</ele>
   </trkpt>
   <trkpt lat="-37.85622" lon="145.35247">
    <ele>504.7900000000001</ele>
   </trkpt>
   <trkpt lat="-37.85636" lon="145.35252">
    <ele>505.70000000000005</ele>
   </trkpt>
   <trkpt lat="-37.85683" lon="145.35260000000002">
    <ele>504.05</ele>
   </trkpt>
   <trkpt lat="-37.85701" lon="145.35266000000001">
    <ele>502.36</ele>
   </trkpt>
   <trkpt lat="-37.85712" lon="145.35268000000002">
    <ele>500.48999999999995</ele>
   </trkpt>
   <trkpt lat="-37.85763499999471" lon="145.35270499982497">
    <ele>494.98</ele>
   </trkpt>
   <trkpt lat="-37.85815" lon="145.35273">
    <ele>490.46000000000004</ele>
   </trkpt>
   <trkpt lat="-37.85851" lon="145.35268000000002">
    <ele>483.7</ele>
   </trkpt>
   <trkpt lat="-37.8592" lon="145.35248">
    <ele>472.52000000000004</ele>
   </trkpt>
   <trkpt lat="-37.85945" lon="145.35244">
    <ele>470.1</ele>
   </trkpt>
   <trkpt lat="-37.8596" lon="145.35241000000002">
    <ele>468.31000000000006</ele>
   </trkpt>
   <trkpt lat="-37.85994" lon="145.35221">
    <ele>464.0400000000001</ele>
   </trkpt>
   <trkpt lat="-37.86023" lon="145.35196000000002">
    <ele>458.40000000000003</ele>
   </trkpt>
   <trkpt lat="-37.860490000000006" lon="145.35181">
    <ele>454.98</ele>
   </trkpt>
   <trkpt lat="-37.860960000000006" lon="145.35146">
    <ele>444.27000000000004</ele>
   </trkpt>
   <trkpt lat="-37.86104" lon="145.35133000000002">
    <ele>442.91</ele>
   </trkpt>
   <trkpt lat="-37.86115" lon="145.3511">
    <ele>439.32000000000005</ele>
   </trkpt>
   <trkpt lat="-37.86135" lon="145.35045000000002">
    <ele>432.2900000000001</ele>
   </trkpt>
   <trkpt lat="-37.86166" lon="145.34982000000002">
    <ele>423.41</ele>
   </trkpt>
   <trkpt lat="-37.86182" lon="145.34959">
    <ele>421.54</ele>
   </trkpt>
   <trkpt lat="-37.86224" lon="145.34912">
    <ele>410.44</ele>
   </trkpt>
   <trkpt lat="-37.86236" lon="145.34893000000002">
    <ele>408.43</ele>
   </trkpt>
   <trkpt lat="-37.862370000000006" lon="145.34881000000001">
    <ele>407.62</ele>
   </trkpt>
   <trkpt lat="-37.86238" lon="145.34883000000002">
    <ele>407.62</ele>
   </trkpt>
   <trkpt lat="-37.862370000000006" lon="145.34855000000002">
    <ele>403.93</ele>
   </trkpt>
   <trkpt lat="-37.86211500119145" lon="145.3480099980435">
    <ele>400.5</ele>
   </trkpt>
   <trkpt lat="-37.86186" lon="145.34747000000002">
    <ele>401.11</ele>
   </trkpt>
   <trkpt lat="-37.861790000000006" lon="145.34698">
    <ele>400.68</ele>
   </trkpt>
   <trkpt lat="-37.86162" lon="145.34737">
    <ele>394.83</ele>
   </trkpt>
   <trkpt lat="-37.86162" lon="145.34753">
    <ele>394.83</ele>
   </trkpt>
   <trkpt lat="-37.86168" lon="145.34779">
    <ele>392.72</ele>
   </trkpt>
   <trkpt lat="-37.86164" lon="145.34794000000002">
    <ele>392.11</ele>
   </trkpt>
   <trkpt lat="-37.86159" lon="145.34802000000002">
    <ele>391.08000000000004</ele>
   </trkpt>
   <trkpt lat="-37.86128" lon="145.34822">
    <ele>387.46000000000004</ele>
   </trkpt>
   <trkpt lat="-37.86121" lon="145.34824">
    <ele>387.46000000000004</ele>
   </trkpt>
   <trkpt lat="-37.86112" lon="145.34822">
    <ele>384.39</ele>
   </trkpt>
   <trkpt lat="-37.86104" lon="145.34814">
    <ele>383.04</ele>
   </trkpt>
   <trkpt lat="-37.86097" lon="145.34804000000003">
    <ele>381.95</ele>
   </trkpt>
   <trkpt lat="-37.86097" lon="145.34788">
    <ele>379.64000000000004</ele>
   </trkpt>
   <trkpt lat="-37.86101" lon="145.34771">
    <ele>379.13</ele>
   </trkpt>
   <trkpt lat="-37.86101" lon="145.34763">
    <ele>377.90000000000003</ele>
   </trkpt>
   <trkpt lat="-37.86097" lon="145.34757000000002">
    <ele>377.15000000000003</ele>
   </trkpt>
   <trkpt lat="-37.86068" lon="145.34759000000003">
    <ele>371.12</ele>
   </trkpt>
   <trkpt lat="-37.86032" lon="145.34775000000002">
    <ele>365.59000000000003</ele>
   </trkpt>
   <trkpt lat="-37.86027" lon="145.34776000000002">
    <ele>365.59000000000003</ele>
   </trkpt>
   <trkpt lat="-37.859500000000004" lon="145.34782">
    <ele>357.55</ele>
   </trkpt>
   <trkpt lat="-37.85942" lon="145.34772">
    <ele>349.61</ele>
   </trkpt>
   <trkpt lat="-37.859370000000006" lon="145.34754">
    <ele>345.84000000000003</ele>
   </trkpt>
   <trkpt lat="-37.85931" lon="145.34758000000002">
    <ele>345.84000000000003</ele>
   </trkpt>
   <trkpt lat="-37.85918" lon="145.3476">
    <ele>347.96000000000004</ele>
   </trkpt>
   <trkpt lat="-37.8586" lon="145.34761">
    <ele>351.16</ele>
   </trkpt>
   <trkpt lat="-37.85853" lon="145.34743">
    <ele>349.87</ele>
   </trkpt>
   <trkpt lat="-37.85833" lon="145.34718">
    <ele>344.1</ele>
   </trkpt>
   <trkpt lat="-37.85806" lon="145.34698">
    <ele>341.08000000000004</ele>
   </trkpt>
   <trkpt lat="-37.85797" lon="145.34686000000002">
    <ele>340.37</ele>
   </trkpt>
   <trkpt lat="-37.85783" lon="145.34678000000002">
    <ele>339.05</ele>
   </trkpt>
   <trkpt lat="-37.8575" lon="145.34649000000002">
    <ele>332.36</ele>
   </trkpt>
   <trkpt lat="-37.8573" lon="145.34642000000002">
    <ele>330.92</ele>
   </trkpt>
   <trkpt lat="-37.85703" lon="145.34640000000002">
    <ele>329.40000000000003</ele>
   </trkpt>
   <trkpt lat="-37.85663" lon="145.34618">
    <ele>334.76</ele>
   </trkpt>
   <trkpt lat="-37.85622" lon="145.34578000000002">
    <ele>343.03</ele>
   </trkpt>
   <trkpt lat="-37.85609" lon="145.34559000000002">
    <ele>346.57000000000005</ele>
   </trkpt>
   <trkpt lat="-37.85593" lon="145.34545">
    <ele>349.32</ele>
   </trkpt>
   <trkpt lat="-37.85553" lon="145.34492">
    <ele>352.22</ele>
   </trkpt>
   <trkpt lat="-37.85544" lon="145.34475">
    <ele>352.67</ele>
   </trkpt>
   <trkpt lat="-37.855290000000004" lon="145.34457">
    <ele>353.85</ele>
   </trkpt>
   <trkpt lat="-37.85528" lon="145.34457">
    <ele>353.85</ele>
   </trkpt>
   <trkpt lat="-37.85515" lon="145.34415">
    <ele>353.68000000000006</ele>
   </trkpt>
   <trkpt lat="-37.8551" lon="145.34404">
    <ele>352.41</ele>
   </trkpt>
   <trkpt lat="-37.855050000000006" lon="145.34368">
    <ele>350.04</ele>
   </trkpt>
   <trkpt lat="-37.85492" lon="145.34354000000002">
    <ele>345.89000000000004</ele>
   </trkpt>
   <trkpt lat="-37.8549" lon="145.34348">
    <ele>345.89000000000004</ele>
   </trkpt>
   <trkpt lat="-37.85488" lon="145.34337000000002">
    <ele>343.80000000000007</ele>
   </trkpt>
   <trkpt lat="-37.85492" lon="145.34293000000002">
    <ele>337.83</ele>
   </trkpt>
   <trkpt lat="-37.85474" lon="145.3426">
    <ele>332.43</ele>
   </trkpt>
   <trkpt lat="-37.85472" lon="145.34233">
    <ele>328.62</ele>
   </trkpt>
   <trkpt lat="-37.85468" lon="145.34225">
    <ele>325.83</ele>
   </trkpt>
   <trkpt lat="-37.85448" lon="145.34206">
    <ele>316.53000000000003</ele>
   </trkpt>
   <trkpt lat="-37.85419" lon="145.34158000000002">
    <ele>306.36</ele>
   </trkpt>
   <trkpt lat="-37.85387" lon="145.34123000000002">
    <ele>309.66</ele>
   </trkpt>
   <trkpt lat="-37.85374" lon="145.34099">
    <ele>309.79</ele>
   </trkpt>
   <trkpt lat="-37.85365" lon="145.34067000000002">
    <ele>306.50000000000006</ele>
   </trkpt>
   <trkpt lat="-37.85358" lon="145.33991">
    <ele>296.82000000000005</ele>
   </trkpt>
   <trkpt lat="-37.853460000000005" lon="145.33943000000002">
    <ele>295.67</ele>
   </trkpt>
   <trkpt lat="-37.8534" lon="145.33894">
    <ele>292.50000000000006</ele>
   </trkpt>
   <trkpt lat="-37.85333" lon="145.33871000000002">
    <ele>290.81</ele>
   </trkpt>
   <trkpt lat="-37.85333" lon="145.33833">
    <ele>286.33000000000004</ele>
   </trkpt>
   <trkpt lat="-37.85327" lon="145.33823">
    <ele>285.90000000000003</ele>
   </trkpt>
   <trkpt lat="-37.85313" lon="145.33813">
    <ele>288.2</ele>
   </trkpt>
   <trkpt lat="-37.85304" lon="145.33812">
    <ele>290.78000000000003</ele>
   </trkpt>
   <trkpt lat="-37.85293" lon="145.33818000000002">
    <ele>292.24</ele>
   </trkpt>
   <trkpt lat="-37.85242" lon="145.33856">
    <ele>313.24</ele>
   </trkpt>
   <trkpt lat="-37.85233" lon="145.33851">
    <ele>314.74</ele>
   </trkpt>
   <trkpt lat="-37.85215" lon="145.33823">
    <ele>316.19</ele>
   </trkpt>
   <trkpt lat="-37.85206" lon="145.33798000000002">
    <ele>316.12</ele>
   </trkpt>
   <trkpt lat="-37.8519" lon="145.33773000000002">
    <ele>316.51</ele>
   </trkpt>
   <trkpt lat="-37.85177" lon="145.33761">
    <ele>316.37000000000006</ele>
   </trkpt>
   <trkpt lat="-37.85172" lon="145.33751">
    <ele>316.18</ele>
   </trkpt>
   <trkpt lat="-37.85168" lon="145.33735000000001">
    <ele>315.3</ele>
   </trkpt>
   <trkpt lat="-37.85139" lon="145.33696">
    <ele>313.91</ele>
   </trkpt>
   <trkpt lat="-37.85116" lon="145.33651">
    <ele>310.15000000000003</ele>
   </trkpt>
   <trkpt lat="-37.851060000000004" lon="145.33639000000002">
    <ele>309.6</ele>
   </trkpt>
   <trkpt lat="-37.85096" lon="145.33634">
    <ele>309.67</ele>
   </trkpt>
   <trkpt lat="-37.85085" lon="145.33637000000002">
    <ele>309.47</ele>
   </trkpt>
   <trkpt lat="-37.85074" lon="145.33634">
    <ele>309.07</ele>
   </trkpt>
   <trkpt lat="-37.85067" lon="145.33617">
    <ele>306.94000000000005</ele>
   </trkpt>
   <trkpt lat="-37.85063" lon="145.33599">
    <ele>303.75</ele>
   </trkpt>
   <trkpt lat="-37.85051" lon="145.33530000000002">
    <ele>290.7</ele>
   </trkpt>
   <trkpt lat="-37.85051" lon="145.33468000000002">
    <ele>278.25</ele>
   </trkpt>
   <trkpt lat="-37.850645001564736" lon="145.33407000115557">
    <ele>268.67</ele>
   </trkpt>
   <trkpt lat="-37.85078" lon="145.33346">
    <ele>253.51000000000002</ele>
   </trkpt>
   <trkpt lat="-37.8508" lon="145.33325000000002">
    <ele>250.21000000000004</ele>
   </trkpt>
   <trkpt lat="-37.85076" lon="145.33294">
    <ele>244.98000000000002</ele>
   </trkpt>
   <trkpt lat="-37.85085" lon="145.33266">
    <ele>238.28</ele>
   </trkpt>
   <trkpt lat="-37.850860000000004" lon="145.33241">
    <ele>230.64000000000001</ele>
   </trkpt>
   <trkpt lat="-37.85036" lon="145.33271000000002">
    <ele>233.91</ele>
   </trkpt>
   <trkpt lat="-37.8502" lon="145.33283">
    <ele>234.87</ele>
   </trkpt>
   <trkpt lat="-37.85004" lon="145.333">
    <ele>236.15000000000003</ele>
   </trkpt>
   <trkpt lat="-37.84989" lon="145.33313">
    <ele>236.60000000000002</ele>
   </trkpt>
   <trkpt lat="-37.84975" lon="145.33316000000002">
    <ele>237.56</ele>
   </trkpt>
   <trkpt lat="-37.84926" lon="145.33305000000001">
    <ele>240.26000000000002</ele>
   </trkpt>
   <trkpt lat="-37.849140000000006" lon="145.33307000000002">
    <ele>240.93000000000004</ele>
   </trkpt>
   <trkpt lat="-37.84899" lon="145.33313">
    <ele>241.35</ele>
   </trkpt>
   <trkpt lat="-37.848800000000004" lon="145.33329">
    <ele>242.40000000000003</ele>
   </trkpt>
   <trkpt lat="-37.84857" lon="145.33327">
    <ele>240.37000000000003</ele>
   </trkpt>
   <trkpt lat="-37.84848" lon="145.3333">
    <ele>239.81000000000003</ele>
   </trkpt>
   <trkpt lat="-37.84839" lon="145.33338">
    <ele>239.36</ele>
   </trkpt>
   <trkpt lat="-37.84792" lon="145.33391">
    <ele>236.22</ele>
   </trkpt>
   <trkpt lat="-37.84778" lon="145.33398000000003">
    <ele>235.24000000000004</ele>
   </trkpt>
   <trkpt lat="-37.84772" lon="145.33393">
    <ele>235.24000000000004</ele>
   </trkpt>
   <trkpt lat="-37.84767" lon="145.33385">
    <ele>229.51000000000002</ele>
   </trkpt>
   <trkpt lat="-37.8476" lon="145.33334000000002">
    <ele>227.78</ele>
   </trkpt>
   <trkpt lat="-37.84754" lon="145.3331">
    <ele>225.06</ele>
   </trkpt>
   <trkpt lat="-37.84745" lon="145.33298000000002">
    <ele>221.65</ele>
   </trkpt>
   <trkpt lat="-37.847390000000004" lon="145.33296">
    <ele>221.65</ele>
   </trkpt>
   <trkpt lat="-37.84731" lon="145.33297000000002">
    <ele>221.65</ele>
   </trkpt>
   <trkpt lat="-37.84713" lon="145.33309">
    <ele>219.55</ele>
   </trkpt>
   <trkpt lat="-37.84664" lon="145.33361000000002">
    <ele>216.22000000000003</ele>
   </trkpt>
   <trkpt lat="-37.84593" lon="145.33428">
    <ele>212.69000000000003</ele>
   </trkpt>
   <trkpt lat="-37.84582" lon="145.33483">
    <ele>213.56000000000003</ele>
   </trkpt>
   <trkpt lat="-37.84581" lon="145.33486000000002">
    <ele>213.56000000000003</ele>
   </trkpt>
   <trkpt lat="-37.84581" lon="145.33519">
    <ele>214.06000000000003</ele>
   </trkpt>
   <trkpt lat="-37.84595" lon="145.33595000000003">
    <ele>218.00000000000003</ele>
   </trkpt>
   <trkpt lat="-37.84601" lon="145.33611000000002">
    <ele>219.47000000000003</ele>
   </trkpt>
   <trkpt lat="-37.84613" lon="145.33619000000002">
    <ele>220.9</ele>
   </trkpt>
   <trkpt lat="-37.84626" lon="145.33624">
    <ele>222.55</ele>
   </trkpt>
   <trkpt lat="-37.8466" lon="145.33685">
    <ele>225.99</ele>
   </trkpt>
   <trkpt lat="-37.84684" lon="145.33762000000002">
    <ele>228.54000000000002</ele>
   </trkpt>
   <trkpt lat="-37.84698" lon="145.33795">
    <ele>230.47</ele>
   </trkpt>
   <trkpt lat="-37.84729" lon="145.33877">
    <ele>236.32000000000002</ele>
   </trkpt>
   <trkpt lat="-37.84756" lon="145.33926000000002">
    <ele>239.99</ele>
   </trkpt>
   <trkpt lat="-37.84765" lon="145.33934000000002">
    <ele>242.40000000000003</ele>
   </trkpt>
   <trkpt lat="-37.84776" lon="145.33938">
    <ele>243.16</ele>
   </trkpt>
   <trkpt lat="-37.84807" lon="145.33973">
    <ele>246.38000000000002</ele>
   </trkpt>
   <trkpt lat="-37.84816" lon="145.33994">
    <ele>247.60000000000002</ele>
   </trkpt>
   <trkpt lat="-37.84845" lon="145.34047">
    <ele>252.5</ele>
   </trkpt>
   <trkpt lat="-37.84852" lon="145.34067000000002">
    <ele>254.47000000000003</ele>
   </trkpt>
   <trkpt lat="-37.84869000161858" lon="145.3412899985462">
    <ele>258.55</ele>
   </trkpt>
   <trkpt lat="-37.84886" lon="145.34191">
    <ele>260.95</ele>
   </trkpt>
   <trkpt lat="-37.84888" lon="145.34232">
    <ele>262.89</ele>
   </trkpt>
   <trkpt lat="-37.84886" lon="145.34281000000001">
    <ele>264.69000000000005</ele>
   </trkpt>
   <trkpt lat="-37.848770001908534" lon="145.34348000073928">
    <ele>265.99</ele>
   </trkpt>
   <trkpt lat="-37.84868" lon="145.34415">
    <ele>266.97</ele>
   </trkpt>
   <trkpt lat="-37.84861" lon="145.34492">
    <ele>268.29</ele>
   </trkpt>
   <trkpt lat="-37.848600001896216" lon="145.34559000020948">
    <ele>271.23</ele>
   </trkpt>
   <trkpt lat="-37.84859" lon="145.34626">
    <ele>274.84000000000003</ele>
   </trkpt>
   <trkpt lat="-37.84857" lon="145.34640000000002">
    <ele>276.75</ele>
   </trkpt>
   <trkpt lat="-37.84854" lon="145.34643">
    <ele>276.75</ele>
   </trkpt>
   <trkpt lat="-37.84848" lon="145.34639">
    <ele>277.72</ele>
   </trkpt>
   <trkpt lat="-37.848200000000006" lon="145.3459">
    <ele>281.96000000000004</ele>
   </trkpt>
   <trkpt lat="-37.84798" lon="145.34563">
    <ele>284.19</ele>
   </trkpt>
   <trkpt lat="-37.84789" lon="145.34557">
    <ele>284.19</ele>
   </trkpt>
   <trkpt lat="-37.84781" lon="145.34555">
    <ele>285.17</ele>
   </trkpt>
   <trkpt lat="-37.84756" lon="145.34556">
    <ele>286.74000000000007</ele>
   </trkpt>
   <trkpt lat="-37.84745" lon="145.34555">
    <ele>286.96999999999997</ele>
   </trkpt>
   <trkpt lat="-37.84731" lon="145.34550000000002">
    <ele>287.12000000000006</ele>
   </trkpt>
   <trkpt lat="-37.84722" lon="145.34541000000002">
    <ele>287.14</ele>
   </trkpt>
   <trkpt lat="-37.847170000000006" lon="145.34528">
    <ele>287.03000000000003</ele>
   </trkpt>
   <trkpt lat="-37.84707" lon="145.34496000000001">
    <ele>286.62000000000006</ele>
   </trkpt>
   <trkpt lat="-37.84707" lon="145.34472000000002">
    <ele>286.62000000000006</ele>
   </trkpt>
   <trkpt lat="-37.84716" lon="145.34429">
    <ele>288.53000000000003</ele>
   </trkpt>
   <trkpt lat="-37.84736" lon="145.34413">
    <ele>287.95000000000005</ele>
   </trkpt>
   <trkpt lat="-37.84745" lon="145.34394">
    <ele>286.73</ele>
   </trkpt>
   <trkpt lat="-37.84747" lon="145.34383000000003">
    <ele>286.5</ele>
   </trkpt>
   <trkpt lat="-37.84745" lon="145.34362000000002">
    <ele>286.11</ele>
   </trkpt>
   <trkpt lat="-37.84751" lon="145.34304">
    <ele>282.3</ele>
   </trkpt>
   <trkpt lat="-37.84756" lon="145.34290000000001">
    <ele>280.86</ele>
   </trkpt>
   <trkpt lat="-37.84767" lon="145.34276">
    <ele>279.25</ele>
   </trkpt>
   <trkpt lat="-37.847730000000006" lon="145.34262">
    <ele>275.02000000000004</ele>
   </trkpt>
   <trkpt lat="-37.847730000000006" lon="145.34234">
    <ele>270.38</ele>
   </trkpt>
   <trkpt lat="-37.84767" lon="145.34217">
    <ele>269.04</ele>
   </trkpt>
   <trkpt lat="-37.84756" lon="145.34195000000003">
    <ele>265.12</ele>
   </trkpt>
   <trkpt lat="-37.84713" lon="145.34135">
    <ele>258.90000000000003</ele>
   </trkpt>
   <trkpt lat="-37.84693" lon="145.3411">
    <ele>256.74</ele>
   </trkpt>
   <trkpt lat="-37.84673" lon="145.34095000000002">
    <ele>254.57000000000002</ele>
   </trkpt>
   <trkpt lat="-37.84646" lon="145.34082">
    <ele>252.95000000000002</ele>
   </trkpt>
   <trkpt lat="-37.84617" lon="145.34048">
    <ele>252.16</ele>
   </trkpt>
   <trkpt lat="-37.84595" lon="145.34006000000002">
    <ele>251.26999999999998</ele>
   </trkpt>
   <trkpt lat="-37.8457" lon="145.33971000000003">
    <ele>249.69000000000003</ele>
   </trkpt>
   <trkpt lat="-37.8451" lon="145.33901">
    <ele>248.48000000000002</ele>
   </trkpt>
   <trkpt lat="-37.84458" lon="145.33867">
    <ele>255.10999999999999</ele>
   </trkpt>
   <trkpt lat="-37.84422" lon="145.33827000000002">
    <ele>252.88</ele>
   </trkpt>
   <trkpt lat="-37.84398" lon="145.33810000000003">
    <ele>250.78</ele>
   </trkpt>
   <trkpt lat="-37.84382" lon="145.33804">
    <ele>250.3</ele>
   </trkpt>
   <trkpt lat="-37.84357" lon="145.33804">
    <ele>251.60000000000005</ele>
   </trkpt>
   <trkpt lat="-37.84317" lon="145.33780000000002">
    <ele>253.35000000000002</ele>
   </trkpt>
   <trkpt lat="-37.84304" lon="145.33775">
    <ele>255.16</ele>
   </trkpt>
   <trkpt lat="-37.842850000000006" lon="145.33771000000002">
    <ele>258.98</ele>
   </trkpt>
   <trkpt lat="-37.8427" lon="145.33763000000002">
    <ele>260.46000000000004</ele>
   </trkpt>
   <trkpt lat="-37.84266" lon="145.33792000000003">
    <ele>266.79</ele>
   </trkpt>
   <trkpt lat="-37.84242500179924" lon="145.33857000203523">
    <ele>277.89000000000004</ele>
   </trkpt>
   <trkpt lat="-37.84219" lon="145.33922">
    <ele>291.71000000000004</ele>
   </trkpt>
   <trkpt lat="-37.841950000000004" lon="145.33969000000002">
    <ele>307.05</ele>
   </trkpt>
   <trkpt lat="-37.84178" lon="145.33959000000002">
    <ele>306.94000000000005</ele>
   </trkpt>
   <trkpt lat="-37.8416" lon="145.33959000000002">
    <ele>307.61000000000007</ele>
   </trkpt>
   <trkpt lat="-37.84143" lon="145.33965">
    <ele>309.45</ele>
   </trkpt>
   <trkpt lat="-37.84098" lon="145.33985">
    <ele>315.08000000000004</ele>
   </trkpt>
   <trkpt lat="-37.84069" lon="145.33977000000002">
    <ele>317.04</ele>
   </trkpt>
   <trkpt lat="-37.84042" lon="145.33958">
    <ele>319.36</ele>
   </trkpt>
   <trkpt lat="-37.84015" lon="145.33934000000002">
    <ele>323.64000000000004</ele>
   </trkpt>
   <trkpt lat="-37.83977" lon="145.33871000000002">
    <ele>332.84000000000003</ele>
   </trkpt>
   <trkpt lat="-37.83961" lon="145.33852000000002">
    <ele>333.99</ele>
   </trkpt>
   <trkpt lat="-37.83928" lon="145.33822">
    <ele>333.40000000000003</ele>
   </trkpt>
   <trkpt lat="-37.83885" lon="145.33808000000002">
    <ele>330.44</ele>
   </trkpt>
   <trkpt lat="-37.83847" lon="145.33802">
    <ele>331.17</ele>
   </trkpt>
   <trkpt lat="-37.83809" lon="145.33800000000002">
    <ele>335.19000000000005</ele>
   </trkpt>
   <trkpt lat="-37.83766" lon="145.33823">
    <ele>343.34000000000003</ele>
   </trkpt>
   <trkpt lat="-37.836940000000006" lon="145.33883">
    <ele>356.56000000000006</ele>
   </trkpt>
   <trkpt lat="-37.83677" lon="145.339">
    <ele>358.14</ele>
   </trkpt>
   <trkpt lat="-37.83625" lon="145.33926000000002">
    <ele>358.94000000000005</ele>
   </trkpt>
   <trkpt lat="-37.83606" lon="145.3394">
    <ele>358.45000000000005</ele>
   </trkpt>
   <trkpt lat="-37.83576" lon="145.33959000000002">
    <ele>354.98</ele>
   </trkpt>
   <trkpt lat="-37.83543" lon="145.33977000000002">
    <ele>349.1</ele>
   </trkpt>
   <trkpt lat="-37.835150000000006" lon="145.33989000000003">
    <ele>346.27000000000004</ele>
   </trkpt>
   <trkpt lat="-37.83475" lon="145.34023000000002">
    <ele>338.28000000000003</ele>
   </trkpt>
   <trkpt lat="-37.83442" lon="145.34049000000002">
    <ele>343.7</ele>
   </trkpt>
   <trkpt lat="-37.83415" lon="145.34074">
    <ele>346.36</ele>
   </trkpt>
   <trkpt lat="-37.83397" lon="145.34079">
    <ele>341.79</ele>
   </trkpt>
   <trkpt lat="-37.83357" lon="145.34077000000002">
    <ele>331.93</ele>
   </trkpt>
   <trkpt lat="-37.83337" lon="145.34082">
    <ele>329.33</ele>
   </trkpt>
   <trkpt lat="-37.83323" lon="145.34098">
    <ele>328.36</ele>
   </trkpt>
   <trkpt lat="-37.83301" lon="145.34152">
    <ele>328.56</ele>
   </trkpt>
   <trkpt lat="-37.8327" lon="145.34184000000002">
    <ele>326.23</ele>
   </trkpt>
   <trkpt lat="-37.83238" lon="145.34191">
    <ele>328.89</ele>
   </trkpt>
   <trkpt lat="-37.83178" lon="145.34217">
    <ele>330.44</ele>
   </trkpt>
   <trkpt lat="-37.83164" lon="145.34225">
    <ele>330.15000000000003</ele>
   </trkpt>
   <trkpt lat="-37.83153" lon="145.3424">
    <ele>330.3</ele>
   </trkpt>
   <trkpt lat="-37.83144" lon="145.34259">
    <ele>330.88</ele>
   </trkpt>
   <trkpt lat="-37.83124" lon="145.34334">
    <ele>331.63000000000005</ele>
   </trkpt>
   <trkpt lat="-37.83113" lon="145.34359">
    <ele>332.47</ele>
   </trkpt>
   <trkpt lat="-37.83095" lon="145.34385">
    <ele>332.54</ele>
   </trkpt>
   <trkpt lat="-37.83034" lon="145.34411">
    <ele>334.81000000000006</ele>
   </trkpt>
   <trkpt lat="-37.829930000000004" lon="145.34408000000002">
    <ele>328.90000000000003</ele>
   </trkpt>
   <trkpt lat="-37.82963" lon="145.34352">
    <ele>314.46000000000004</ele>
   </trkpt>
   <trkpt lat="-37.82952" lon="145.34314">
    <ele>303.06000000000006</ele>
   </trkpt>
   <trkpt lat="-37.82943" lon="145.34233">
    <ele>289.42</ele>
   </trkpt>
   <trkpt lat="-37.829240000000006" lon="145.34232">
    <ele>288.90999999999997</ele>
   </trkpt>
   <trkpt lat="-37.828950000000006" lon="145.34237000000002">
    <ele>288.79</ele>
   </trkpt>
   <trkpt lat="-37.82878" lon="145.34246000000002">
    <ele>288.7</ele>
   </trkpt>
   <trkpt lat="-37.82831" lon="145.34295">
    <ele>287.8</ele>
   </trkpt>
   <trkpt lat="-37.82782" lon="145.34341">
    <ele>289.34999999999997</ele>
   </trkpt>
   <trkpt lat="-37.82755" lon="145.34356000000002">
    <ele>290.90000000000003</ele>
   </trkpt>
   <trkpt lat="-37.8273" lon="145.34364000000002">
    <ele>293.59000000000003</ele>
   </trkpt>
   <trkpt lat="-37.82705" lon="145.34382000000002">
    <ele>297.08</ele>
   </trkpt>
   <trkpt lat="-37.82692" lon="145.34395">
    <ele>297.75</ele>
   </trkpt>
   <trkpt lat="-37.82681" lon="145.34403">
    <ele>298.32000000000005</ele>
   </trkpt>
   <trkpt lat="-37.82638" lon="145.34404">
    <ele>300.12</ele>
   </trkpt>
   <trkpt lat="-37.82607" lon="145.34413">
    <ele>301.27000000000004</ele>
   </trkpt>
   <trkpt lat="-37.825720000000004" lon="145.34426000000002">
    <ele>302.39000000000004</ele>
   </trkpt>
   <trkpt lat="-37.82555" lon="145.34439">
    <ele>303.21000000000004</ele>
   </trkpt>
   <trkpt lat="-37.82538" lon="145.34456">
    <ele>303.88000000000005</ele>
   </trkpt>
   <trkpt lat="-37.82495" lon="145.34516000000002">
    <ele>303.25</ele>
   </trkpt>
   <trkpt lat="-37.824870000000004" lon="145.34524000000002">
    <ele>302.91</ele>
   </trkpt>
   <trkpt lat="-37.82446" lon="145.34535000000002">
    <ele>305.21000000000004</ele>
   </trkpt>
   <trkpt lat="-37.82428" lon="145.34546">
    <ele>308.96</ele>
   </trkpt>
   <trkpt lat="-37.82408" lon="145.34560000000002">
    <ele>311.72</ele>
   </trkpt>
   <trkpt lat="-37.82381" lon="145.34588000000002">
    <ele>314.31</ele>
   </trkpt>
   <trkpt lat="-37.823380000385534" lon="145.34611500128605">
    <ele>316.42</ele>
   </trkpt>
   <trkpt lat="-37.822950000000006" lon="145.34635">
    <ele>316.14000000000004</ele>
   </trkpt>
   <trkpt lat="-37.822770000000006" lon="145.34649000000002">
    <ele>317.61</ele>
   </trkpt>
   <trkpt lat="-37.82267" lon="145.34663">
    <ele>319.44</ele>
   </trkpt>
   <trkpt lat="-37.822590000000005" lon="145.34677000000002">
    <ele>321.51</ele>
   </trkpt>
   <trkpt lat="-37.82253" lon="145.34703000000002">
    <ele>325.41</ele>
   </trkpt>
   <trkpt lat="-37.82253" lon="145.34733">
    <ele>328.97</ele>
   </trkpt>
   <trkpt lat="-37.82255" lon="145.34759000000003">
    <ele>332.31000000000006</ele>
   </trkpt>
   <trkpt lat="-37.82253" lon="145.34774000000002">
    <ele>333.82</ele>
   </trkpt>
   <trkpt lat="-37.82244" lon="145.3478">
    <ele>335.24</ele>
   </trkpt>
   <trkpt lat="-37.82204" lon="145.3479">
    <ele>338.32</ele>
   </trkpt>
   <trkpt lat="-37.82166" lon="145.34824">
    <ele>344.2</ele>
   </trkpt>
   <trkpt lat="-37.821270000000005" lon="145.34881000000001">
    <ele>352.19</ele>
   </trkpt>
   <trkpt lat="-37.82126" lon="145.34882000000002">
    <ele>352.19</ele>
   </trkpt>
   <trkpt lat="-37.82108" lon="145.3493">
    <ele>359.07000000000005</ele>
   </trkpt>
   <trkpt lat="-37.82103" lon="145.34965000000003">
    <ele>364.45000000000005</ele>
   </trkpt>
   <trkpt lat="-37.82101" lon="145.35052000000002">
    <ele>374.09000000000003</ele>
   </trkpt>
   <trkpt lat="-37.82103" lon="145.35089000000002">
    <ele>377.16</ele>
   </trkpt>
   <trkpt lat="-37.820980000000006" lon="145.35155">
    <ele>379.12</ele>
   </trkpt>
   <trkpt lat="-37.82088" lon="145.35202">
    <ele>378.91</ele>
   </trkpt>
   <trkpt lat="-37.82052" lon="145.35284000000001">
    <ele>379.45</ele>
   </trkpt>
   <trkpt lat="-37.82047" lon="145.35311000000002">
    <ele>379.53000000000003</ele>
   </trkpt>
   <trkpt lat="-37.82047" lon="145.35327">
    <ele>379.77000000000004</ele>
   </trkpt>
   <trkpt lat="-37.82052" lon="145.35340000000002">
    <ele>379.77000000000004</ele>
   </trkpt>
   <trkpt lat="-37.82063" lon="145.35363">
    <ele>379.75</ele>
   </trkpt>
   <trkpt lat="-37.82101" lon="145.35419000000002">
    <ele>379.26000000000005</ele>
   </trkpt>
   <trkpt lat="-37.821450000000006" lon="145.35441">
    <ele>379.44000000000005</ele>
   </trkpt>
   <trkpt lat="-37.8215" lon="145.3545">
    <ele>379.44000000000005</ele>
   </trkpt>
   <trkpt lat="-37.82155" lon="145.35462">
    <ele>379.44000000000005</ele>
   </trkpt>
   <trkpt lat="-37.82159" lon="145.3548">
    <ele>379.41</ele>
   </trkpt>
   <trkpt lat="-37.82152" lon="145.35504">
    <ele>379.15000000000003</ele>
   </trkpt>
   <trkpt lat="-37.82126500116141" lon="145.35554500157954">
    <ele>379.27000000000004</ele>
   </trkpt>
   <trkpt lat="-37.82101" lon="145.35605">
    <ele>379.32000000000005</ele>
   </trkpt>
   <trkpt lat="-37.82081" lon="145.35627000000002">
    <ele>379.31</ele>
   </trkpt>
   <trkpt lat="-37.82034" lon="145.35669000000001">
    <ele>380.18</ele>
   </trkpt>
   <trkpt lat="-37.82014" lon="145.35699000000002">
    <ele>379.98</ele>
   </trkpt>
   <trkpt lat="-37.82009" lon="145.35717000000002">
    <ele>379.93000000000006</ele>
   </trkpt>
   <trkpt lat="-37.82007" lon="145.35739">
    <ele>379.99000000000007</ele>
   </trkpt>
   <trkpt lat="-37.82011" lon="145.35786000000002">
    <ele>379.90000000000003</ele>
   </trkpt>
   <trkpt lat="-37.82011" lon="145.35802">
    <ele>379.66</ele>
   </trkpt>
   <trkpt lat="-37.82005" lon="145.35831000000002">
    <ele>379.6</ele>
   </trkpt>
   <trkpt lat="-37.81978" lon="145.35862">
    <ele>379.71000000000004</ele>
   </trkpt>
   <trkpt lat="-37.81935500048139" lon="145.35900000230328">
    <ele>379.14000000000004</ele>
   </trkpt>
   <trkpt lat="-37.81893" lon="145.35938000000002">
    <ele>379.40000000000003</ele>
   </trkpt>
   <trkpt lat="-37.81866" lon="145.35975000000002">
    <ele>378.70000000000005</ele>
   </trkpt>
   <trkpt lat="-37.81864" lon="145.35987">
    <ele>378.35</ele>
   </trkpt>
   <trkpt lat="-37.81857" lon="145.36003000000002">
    <ele>377.88000000000005</ele>
   </trkpt>
   <trkpt lat="-37.8187" lon="145.36094">
    <ele>388.64000000000004</ele>
   </trkpt>
   <trkpt lat="-37.8187" lon="145.36124">
    <ele>393.74</ele>
   </trkpt>
   <trkpt lat="-37.81861" lon="145.36159">
    <ele>397.01000000000005</ele>
   </trkpt>
   <trkpt lat="-37.81828" lon="145.36215">
    <ele>404.13000000000005</ele>
   </trkpt>
   <trkpt lat="-37.8181" lon="145.36234000000002">
    <ele>409.27000000000004</ele>
   </trkpt>
   <trkpt lat="-37.8177" lon="145.36251000000001">
    <ele>416.75</ele>
   </trkpt>
   <trkpt lat="-37.81734" lon="145.36311">
    <ele>426.85</ele>
   </trkpt>
   <trkpt lat="-37.81721" lon="145.36373">
    <ele>433.72</ele>
   </trkpt>
   <trkpt lat="-37.81723" lon="145.36425">
    <ele>439.81</ele>
   </trkpt>
   <trkpt lat="-37.81736" lon="145.36494000000002">
    <ele>447.95</ele>
   </trkpt>
   <trkpt lat="-37.81745" lon="145.36571">
    <ele>455.93000000000006</ele>
   </trkpt>
   <trkpt lat="-37.81743" lon="145.36671">
    <ele>468.90000000000003</ele>
   </trkpt>
   <trkpt lat="-37.81679000004122" lon="145.36669999991395">
    <ele>460.92</ele>
   </trkpt>
   <trkpt lat="-37.81615" lon="145.36669">
    <ele>453.11</ele>
   </trkpt>
   <trkpt lat="-37.81573" lon="145.36681000000002">
    <ele>447.23</ele>
   </trkpt>
   <trkpt lat="-37.8155" lon="145.36708000000002">
    <ele>445.72</ele>
   </trkpt>
   <trkpt lat="-37.81537" lon="145.36716">
    <ele>444.63</ele>
   </trkpt>
   <trkpt lat="-37.81508" lon="145.36724">
    <ele>445.01</ele>
   </trkpt>
   <trkpt lat="-37.81488" lon="145.36741">
    <ele>446.91</ele>
   </trkpt>
   <trkpt lat="-37.814710000000005" lon="145.36781000000002">
    <ele>451.21000000000004</ele>
   </trkpt>
   <trkpt lat="-37.8147" lon="145.36782000000002">
    <ele>451.21000000000004</ele>
   </trkpt>
   <trkpt lat="-37.81459" lon="145.36827000000002">
    <ele>454.77000000000004</ele>
   </trkpt>
   <trkpt lat="-37.81459" lon="145.36878000000002">
    <ele>458.78000000000003</ele>
   </trkpt>
   <trkpt lat="-37.81467" lon="145.36967">
    <ele>467.59000000000003</ele>
   </trkpt>
   <trkpt lat="-37.81481" lon="145.37055">
    <ele>475.23</ele>
   </trkpt>
   <trkpt lat="-37.81479" lon="145.37143">
    <ele>471.95000000000005</ele>
   </trkpt>
   <trkpt lat="-37.81461" lon="145.37204">
    <ele>467.49</ele>
   </trkpt>
   <trkpt lat="-37.81441" lon="145.37232">
    <ele>465.16</ele>
   </trkpt>
   <trkpt lat="-37.81396" lon="145.37239000000002">
    <ele>463.45000000000005</ele>
   </trkpt>
   <trkpt lat="-37.81358" lon="145.37265000000002">
    <ele>460.69000000000005</ele>
   </trkpt>
   <trkpt lat="-37.81331" lon="145.37307">
    <ele>459.37000000000006</ele>
   </trkpt>
   <trkpt lat="-37.81349" lon="145.37412">
    <ele>458.38000000000005</ele>
   </trkpt>
   <trkpt lat="-37.81367000268485" lon="145.3749149981211">
    <ele>453.98</ele>
   </trkpt>
   <trkpt lat="-37.81385" lon="145.37571">
    <ele>444.93000000000006</ele>
   </trkpt>
   <trkpt lat="-37.81395000162117" lon="145.37632499930535">
    <ele>441.72</ele>
   </trkpt>
   <trkpt lat="-37.81405" lon="145.37694000000002">
    <ele>436.82000000000005</ele>
   </trkpt>
   <trkpt lat="-37.81451500141575" lon="145.37752499627666">
    <ele>431.32000000000005</ele>
   </trkpt>
   <trkpt lat="-37.814980000000006" lon="145.37811000000002">
    <ele>424.95000000000005</ele>
   </trkpt>
   <trkpt lat="-37.81523" lon="145.37830000000002">
    <ele>425.06000000000006</ele>
   </trkpt>
   <trkpt lat="-37.81566" lon="145.37857000000002">
    <ele>426.02</ele>
   </trkpt>
   <trkpt lat="-37.81579" lon="145.3788">
    <ele>426.55</ele>
   </trkpt>
   <trkpt lat="-37.815990000000006" lon="145.37895">
    <ele>427.49</ele>
   </trkpt>
   <trkpt lat="-37.816" lon="145.37896">
    <ele>427.49</ele>
   </trkpt>
   <trkpt lat="-37.81613" lon="145.37887">
    <ele>428.27000000000004</ele>
   </trkpt>
   <trkpt lat="-37.81617" lon="145.37872000000002">
    <ele>429.86</ele>
   </trkpt>
   <trkpt lat="-37.81629" lon="145.37849">
    <ele>430.39000000000004</ele>
   </trkpt>
   <trkpt lat="-37.81642" lon="145.37833">
    <ele>431.21000000000004</ele>
   </trkpt>
   <trkpt lat="-37.81656" lon="145.37825">
    <ele>431.97</ele>
   </trkpt>
   <trkpt lat="-37.81676" lon="145.37821000000002">
    <ele>432.19</ele>
   </trkpt>
   <trkpt lat="-37.81696" lon="145.37828000000002">
    <ele>432.19</ele>
   </trkpt>
   <trkpt lat="-37.81727" lon="145.37852">
    <ele>432.08</ele>
   </trkpt>
   <trkpt lat="-37.81743" lon="145.37873000000002">
    <ele>430.62000000000006</ele>
   </trkpt>
   <trkpt lat="-37.81752" lon="145.37898">
    <ele>428.3</ele>
   </trkpt>
   <trkpt lat="-37.817550000000004" lon="145.37901000000002">
    <ele>428.3</ele>
   </trkpt>
   <trkpt lat="-37.81741" lon="145.37931">
    <ele>429.6</ele>
   </trkpt>
   <trkpt lat="-37.817550000000004" lon="145.37901000000002">
    <ele>428.3</ele>
   </trkpt>
   <trkpt lat="-37.81752" lon="145.37898">
    <ele>428.3</ele>
   </trkpt>
   <trkpt lat="-37.81743" lon="145.37873000000002">
    <ele>430.62000000000006</ele>
   </trkpt>
   <trkpt lat="-37.81727" lon="145.37852">
    <ele>432.08</ele>
   </trkpt>
   <trkpt lat="-37.81696" lon="145.37828000000002">
    <ele>432.19</ele>
   </trkpt>
   <trkpt lat="-37.81676" lon="145.37821000000002">
    <ele>432.19</ele>
   </trkpt>
   <trkpt lat="-37.81656" lon="145.37825">
    <ele>431.97</ele>
   </trkpt>
   <trkpt lat="-37.81642" lon="145.37833">
    <ele>431.21000000000004</ele>
   </trkpt>
   <trkpt lat="-37.81629" lon="145.37849">
    <ele>430.39000000000004</ele>
   </trkpt>
   <trkpt lat="-37.81617" lon="145.37872000000002">
    <ele>429.86</ele>
   </trkpt>
   <trkpt lat="-37.81613" lon="145.37887">
    <ele>428.27000000000004</ele>
   </trkpt>
   <trkpt lat="-37.816" lon="145.37896">
    <ele>427.37</ele>
   </trkpt>
   <trkpt lat="-37.81579" lon="145.3788">
    <ele>426.55</ele>
   </trkpt>
   <trkpt lat="-37.81566" lon="145.37857000000002">
    <ele>426.02</ele>
   </trkpt>
   <trkpt lat="-37.81523" lon="145.37830000000002">
    <ele>425.06000000000006</ele>
   </trkpt>
   <trkpt lat="-37.814980000000006" lon="145.37811000000002">
    <ele>424.95000000000005</ele>
   </trkpt>
   <trkpt lat="-37.814515001477275" lon="145.37752499635408">
    <ele>431.32000000000005</ele>
   </trkpt>
   <trkpt lat="-37.81405" lon="145.37694000000002">
    <ele>436.82000000000005</ele>
   </trkpt>
   <trkpt lat="-37.813950001576174" lon="145.37632499902864">
    <ele>441.72</ele>
   </trkpt>
   <trkpt lat="-37.81385" lon="145.37571">
    <ele>444.93000000000006</ele>
   </trkpt>
   <trkpt lat="-37.81367000265798" lon="145.37491499800237">
    <ele>453.98</ele>
   </trkpt>
   <trkpt lat="-37.81349" lon="145.37412">
    <ele>458.38000000000005</ele>
   </trkpt>
   <trkpt lat="-37.813320000000004" lon="145.37306">
    <ele>459.36</ele>
   </trkpt>
   <trkpt lat="-37.81331" lon="145.37307">
    <ele>459.36</ele>
   </trkpt>
   <trkpt lat="-37.81358" lon="145.37265000000002">
    <ele>460.69000000000005</ele>
   </trkpt>
   <trkpt lat="-37.81396" lon="145.37239000000002">
    <ele>463.45000000000005</ele>
   </trkpt>
   <trkpt lat="-37.81441" lon="145.37232">
    <ele>465.16</ele>
   </trkpt>
   <trkpt lat="-37.81461" lon="145.37204">
    <ele>467.49</ele>
   </trkpt>
   <trkpt lat="-37.81479" lon="145.37143">
    <ele>471.95000000000005</ele>
   </trkpt>
   <trkpt lat="-37.81481" lon="145.37055">
    <ele>475.23</ele>
   </trkpt>
   <trkpt lat="-37.81467" lon="145.36967">
    <ele>467.59000000000003</ele>
   </trkpt>
   <trkpt lat="-37.81459" lon="145.36878000000002">
    <ele>458.78000000000003</ele>
   </trkpt>
   <trkpt lat="-37.81459" lon="145.36827000000002">
    <ele>454.77000000000004</ele>
   </trkpt>
   <trkpt lat="-37.8147" lon="145.36782000000002">
    <ele>451.24</ele>
   </trkpt>
   <trkpt lat="-37.81488" lon="145.36741">
    <ele>446.91</ele>
   </trkpt>
   <trkpt lat="-37.81508" lon="145.36724">
    <ele>445.01</ele>
   </trkpt>
   <trkpt lat="-37.81537" lon="145.36716">
    <ele>444.63</ele>
   </trkpt>
   <trkpt lat="-37.8155" lon="145.36708000000002">
    <ele>445.72</ele>
   </trkpt>
   <trkpt lat="-37.81573" lon="145.36681000000002">
    <ele>449.91</ele>
   </trkpt>
   <trkpt lat="-37.81615" lon="145.36669">
    <ele>453.11</ele>
   </trkpt>
   <trkpt lat="-37.81678999995962" lon="145.36669999991267">
    <ele>460.92</ele>
   </trkpt>
   <trkpt lat="-37.81743" lon="145.36671">
    <ele>468.90000000000003</ele>
   </trkpt>
   <trkpt lat="-37.81745" lon="145.36571">
    <ele>455.93000000000006</ele>
   </trkpt>
   <trkpt lat="-37.81736" lon="145.36494000000002">
    <ele>447.95</ele>
   </trkpt>
   <trkpt lat="-37.81723" lon="145.36425">
    <ele>438.53000000000003</ele>
   </trkpt>
   <trkpt lat="-37.81721" lon="145.36373">
    <ele>433.72</ele>
   </trkpt>
   <trkpt lat="-37.81734" lon="145.36311">
    <ele>426.85</ele>
   </trkpt>
   <trkpt lat="-37.8177" lon="145.36251000000001">
    <ele>416.75</ele>
   </trkpt>
   <trkpt lat="-37.8181" lon="145.36234000000002">
    <ele>409.27000000000004</ele>
   </trkpt>
   <trkpt lat="-37.81828" lon="145.36215">
    <ele>404.13000000000005</ele>
   </trkpt>
   <trkpt lat="-37.81861" lon="145.36159">
    <ele>397.01000000000005</ele>
   </trkpt>
   <trkpt lat="-37.8187" lon="145.36124">
    <ele>392.38</ele>
   </trkpt>
   <trkpt lat="-37.8187" lon="145.36094">
    <ele>388.64000000000004</ele>
   </trkpt>
   <trkpt lat="-37.81857" lon="145.36003000000002">
    <ele>377.88000000000005</ele>
   </trkpt>
   <trkpt lat="-37.81864" lon="145.35987">
    <ele>378.35</ele>
   </trkpt>
   <trkpt lat="-37.81866" lon="145.35975000000002">
    <ele>378.85</ele>
   </trkpt>
   <trkpt lat="-37.81893" lon="145.35938000000002">
    <ele>379.40000000000003</ele>
   </trkpt>
   <trkpt lat="-37.819355000739364" lon="145.35900000207263">
    <ele>379.46000000000004</ele>
   </trkpt>
   <trkpt lat="-37.81978" lon="145.35862">
    <ele>379.58000000000004</ele>
   </trkpt>
   <trkpt lat="-37.82005" lon="145.35831000000002">
    <ele>379.6</ele>
   </trkpt>
   <trkpt lat="-37.82011" lon="145.35802">
    <ele>379.66</ele>
   </trkpt>
   <trkpt lat="-37.82011" lon="145.35786000000002">
    <ele>379.90000000000003</ele>
   </trkpt>
   <trkpt lat="-37.82007" lon="145.35739">
    <ele>379.92</ele>
   </trkpt>
   <trkpt lat="-37.82009" lon="145.35717000000002">
    <ele>379.93000000000006</ele>
   </trkpt>
   <trkpt lat="-37.82014" lon="145.35699000000002">
    <ele>379.98</ele>
   </trkpt>
   <trkpt lat="-37.82034" lon="145.35669000000001">
    <ele>380.18</ele>
   </trkpt>
   <trkpt lat="-37.82081" lon="145.35627000000002">
    <ele>379.31</ele>
   </trkpt>
   <trkpt lat="-37.82101" lon="145.35605">
    <ele>379.32000000000005</ele>
   </trkpt>
   <trkpt lat="-37.8212650009946" lon="145.3555450019099">
    <ele>379.27000000000004</ele>
   </trkpt>
   <trkpt lat="-37.82152" lon="145.35504">
    <ele>379.15000000000003</ele>
   </trkpt>
   <trkpt lat="-37.82159" lon="145.3548">
    <ele>379.41</ele>
   </trkpt>
   <trkpt lat="-37.82155" lon="145.35462">
    <ele>379.44000000000005</ele>
   </trkpt>
   <trkpt lat="-37.8215" lon="145.3545">
    <ele>379.44000000000005</ele>
   </trkpt>
   <trkpt lat="-37.821450000000006" lon="145.35441">
    <ele>379.44000000000005</ele>
   </trkpt>
   <trkpt lat="-37.82101" lon="145.35419000000002">
    <ele>379.26000000000005</ele>
   </trkpt>
   <trkpt lat="-37.82063" lon="145.35363">
    <ele>379.75</ele>
   </trkpt>
   <trkpt lat="-37.82052" lon="145.35340000000002">
    <ele>379.77000000000004</ele>
   </trkpt>
   <trkpt lat="-37.82047" lon="145.35327">
    <ele>379.53000000000003</ele>
   </trkpt>
   <trkpt lat="-37.82047" lon="145.35311000000002">
    <ele>379.53000000000003</ele>
   </trkpt>
   <trkpt lat="-37.82052" lon="145.35284000000001">
    <ele>379.5</ele>
   </trkpt>
   <trkpt lat="-37.82088" lon="145.35202">
    <ele>378.81</ele>
   </trkpt>
   <trkpt lat="-37.820980000000006" lon="145.35155">
    <ele>379.12</ele>
   </trkpt>
   <trkpt lat="-37.82103" lon="145.35089000000002">
    <ele>377.16</ele>
   </trkpt>
   <trkpt lat="-37.82101" lon="145.35052000000002">
    <ele>374.09000000000003</ele>
   </trkpt>
   <trkpt lat="-37.82103" lon="145.34965000000003">
    <ele>362.95000000000005</ele>
   </trkpt>
   <trkpt lat="-37.82108" lon="145.3493">
    <ele>359.07000000000005</ele>
   </trkpt>
   <trkpt lat="-37.82126" lon="145.34882000000002">
    <ele>352.24000000000007</ele>
   </trkpt>
   <trkpt lat="-37.82166" lon="145.34824">
    <ele>344.2</ele>
   </trkpt>
   <trkpt lat="-37.82204" lon="145.3479">
    <ele>338.32</ele>
   </trkpt>
   <trkpt lat="-37.82244" lon="145.3478">
    <ele>335.24</ele>
   </trkpt>
   <trkpt lat="-37.82253" lon="145.34774000000002">
    <ele>333.82</ele>
   </trkpt>
   <trkpt lat="-37.82255" lon="145.34759000000003">
    <ele>332.31000000000006</ele>
   </trkpt>
   <trkpt lat="-37.82253" lon="145.34733">
    <ele>328.97</ele>
   </trkpt>
   <trkpt lat="-37.82253" lon="145.34703000000002">
    <ele>325.41</ele>
   </trkpt>
   <trkpt lat="-37.822590000000005" lon="145.34677000000002">
    <ele>321.51</ele>
   </trkpt>
   <trkpt lat="-37.82267" lon="145.34663">
    <ele>319.44</ele>
   </trkpt>
   <trkpt lat="-37.822770000000006" lon="145.34649000000002">
    <ele>317.61</ele>
   </trkpt>
   <trkpt lat="-37.822950000000006" lon="145.34635">
    <ele>316.14000000000004</ele>
   </trkpt>
   <trkpt lat="-37.823380000081364" lon="145.3461150014523">
    <ele>316.42</ele>
   </trkpt>
   <trkpt lat="-37.82381" lon="145.34588000000002">
    <ele>314.31</ele>
   </trkpt>
   <trkpt lat="-37.82408" lon="145.34560000000002">
    <ele>311.72</ele>
   </trkpt>
   <trkpt lat="-37.82428" lon="145.34546">
    <ele>308.96</ele>
   </trkpt>
   <trkpt lat="-37.82446" lon="145.34535000000002">
    <ele>305.21000000000004</ele>
   </trkpt>
   <trkpt lat="-37.824870000000004" lon="145.34524000000002">
    <ele>302.91</ele>
   </trkpt>
   <trkpt lat="-37.82495" lon="145.34516000000002">
    <ele>303.25</ele>
   </trkpt>
   <trkpt lat="-37.82538" lon="145.34456">
    <ele>303.88000000000005</ele>
   </trkpt>
   <trkpt lat="-37.82555" lon="145.34439">
    <ele>303.21000000000004</ele>
   </trkpt>
   <trkpt lat="-37.825720000000004" lon="145.34427000000002">
    <ele>302.4</ele>
   </trkpt>
   <trkpt lat="-37.825720000000004" lon="145.34426000000002">
    <ele>302.4</ele>
   </trkpt>
   <trkpt lat="-37.82607" lon="145.34413">
    <ele>301.27000000000004</ele>
   </trkpt>
   <trkpt lat="-37.82638" lon="145.34404">
    <ele>300.12</ele>
   </trkpt>
   <trkpt lat="-37.82681" lon="145.34403">
    <ele>298.05</ele>
   </trkpt>
   <trkpt lat="-37.82692" lon="145.34395">
    <ele>297.08</ele>
   </trkpt>
   <trkpt lat="-37.82705" lon="145.34382000000002">
    <ele>297.08</ele>
   </trkpt>
   <trkpt lat="-37.8273" lon="145.34364000000002">
    <ele>293.59000000000003</ele>
   </trkpt>
   <trkpt lat="-37.82755" lon="145.34356000000002">
    <ele>290.90000000000003</ele>
   </trkpt>
   <trkpt lat="-37.82782" lon="145.34341">
    <ele>289.34999999999997</ele>
   </trkpt>
   <trkpt lat="-37.82831" lon="145.34295">
    <ele>287.72</ele>
   </trkpt>
   <trkpt lat="-37.82878" lon="145.34246000000002">
    <ele>288.7</ele>
   </trkpt>
   <trkpt lat="-37.828950000000006" lon="145.34237000000002">
    <ele>288.79</ele>
   </trkpt>
   <trkpt lat="-37.829240000000006" lon="145.34232">
    <ele>288.90999999999997</ele>
   </trkpt>
   <trkpt lat="-37.82943" lon="145.34233">
    <ele>289.42</ele>
   </trkpt>
   <trkpt lat="-37.82952" lon="145.34314">
    <ele>303.06000000000006</ele>
   </trkpt>
   <trkpt lat="-37.82963" lon="145.34352">
    <ele>314.46000000000004</ele>
   </trkpt>
   <trkpt lat="-37.829930000000004" lon="145.34408000000002">
    <ele>328.90000000000003</ele>
   </trkpt>
   <trkpt lat="-37.83034" lon="145.34411">
    <ele>334.81000000000006</ele>
   </trkpt>
   <trkpt lat="-37.83095" lon="145.34385">
    <ele>332.54</ele>
   </trkpt>
   <trkpt lat="-37.83113" lon="145.34359">
    <ele>332.47</ele>
   </trkpt>
   <trkpt lat="-37.83124" lon="145.34334">
    <ele>331.6</ele>
   </trkpt>
   <trkpt lat="-37.83144" lon="145.34259">
    <ele>330.88</ele>
   </trkpt>
   <trkpt lat="-37.83153" lon="145.3424">
    <ele>330.19000000000005</ele>
   </trkpt>
   <trkpt lat="-37.83164" lon="145.34225">
    <ele>330.15000000000003</ele>
   </trkpt>
   <trkpt lat="-37.83178" lon="145.34217">
    <ele>330.52000000000004</ele>
   </trkpt>
   <trkpt lat="-37.83238" lon="145.34191">
    <ele>328.89</ele>
   </trkpt>
   <trkpt lat="-37.8327" lon="145.34184000000002">
    <ele>326.23</ele>
   </trkpt>
   <trkpt lat="-37.83301" lon="145.34152">
    <ele>328.56</ele>
   </trkpt>
   <trkpt lat="-37.83323" lon="145.34098">
    <ele>328.36</ele>
   </trkpt>
   <trkpt lat="-37.83337" lon="145.34082">
    <ele>329.33</ele>
   </trkpt>
   <trkpt lat="-37.83357" lon="145.34077000000002">
    <ele>332.73</ele>
   </trkpt>
   <trkpt lat="-37.83397" lon="145.34079">
    <ele>343.07000000000005</ele>
   </trkpt>
   <trkpt lat="-37.83415" lon="145.34074">
    <ele>346.36</ele>
   </trkpt>
   <trkpt lat="-37.83442" lon="145.34049000000002">
    <ele>341.28000000000003</ele>
   </trkpt>
   <trkpt lat="-37.83475" lon="145.34023000000002">
    <ele>338.28000000000003</ele>
   </trkpt>
   <trkpt lat="-37.835150000000006" lon="145.33989000000003">
    <ele>346.27000000000004</ele>
   </trkpt>
   <trkpt lat="-37.83543" lon="145.33977000000002">
    <ele>349.1</ele>
   </trkpt>
   <trkpt lat="-37.83576" lon="145.33959000000002">
    <ele>355.59000000000003</ele>
   </trkpt>
   <trkpt lat="-37.83606" lon="145.3394">
    <ele>358.45000000000005</ele>
   </trkpt>
   <trkpt lat="-37.83625" lon="145.33926000000002">
    <ele>358.94000000000005</ele>
   </trkpt>
   <trkpt lat="-37.83677" lon="145.339">
    <ele>357.90000000000003</ele>
   </trkpt>
   <trkpt lat="-37.836940000000006" lon="145.33883">
    <ele>356.56000000000006</ele>
   </trkpt>
   <trkpt lat="-37.83766" lon="145.33823">
    <ele>343.34000000000003</ele>
   </trkpt>
   <trkpt lat="-37.83809" lon="145.33800000000002">
    <ele>335.19000000000005</ele>
   </trkpt>
   <trkpt lat="-37.83847" lon="145.33802">
    <ele>330.91</ele>
   </trkpt>
   <trkpt lat="-37.83885" lon="145.33808000000002">
    <ele>330.44</ele>
   </trkpt>
   <trkpt lat="-37.83928" lon="145.33822">
    <ele>333.40000000000003</ele>
   </trkpt>
   <trkpt lat="-37.83961" lon="145.33852000000002">
    <ele>333.99</ele>
   </trkpt>
   <trkpt lat="-37.83977" lon="145.33871000000002">
    <ele>332.84000000000003</ele>
   </trkpt>
   <trkpt lat="-37.84015" lon="145.33934000000002">
    <ele>323.64000000000004</ele>
   </trkpt>
   <trkpt lat="-37.84042" lon="145.33958">
    <ele>318.78000000000003</ele>
   </trkpt>
   <trkpt lat="-37.84069" lon="145.33977000000002">
    <ele>317.04</ele>
   </trkpt>
   <trkpt lat="-37.84098" lon="145.33985">
    <ele>315.08000000000004</ele>
   </trkpt>
   <trkpt lat="-37.84143" lon="145.33965">
    <ele>308.58000000000004</ele>
   </trkpt>
   <trkpt lat="-37.8416" lon="145.33959000000002">
    <ele>307.61000000000007</ele>
   </trkpt>
   <trkpt lat="-37.84178" lon="145.33959000000002">
    <ele>306.94000000000005</ele>
   </trkpt>
   <trkpt lat="-37.841950000000004" lon="145.33969000000002">
    <ele>307.05</ele>
   </trkpt>
   <trkpt lat="-37.84219" lon="145.33922">
    <ele>291.71000000000004</ele>
   </trkpt>
   <trkpt lat="-37.842425001773286" lon="145.33857000210702">
    <ele>276.79</ele>
   </trkpt>
   <trkpt lat="-37.84266" lon="145.33792000000003">
    <ele>262.97</ele>
   </trkpt>
   <trkpt lat="-37.8427" lon="145.33763000000002">
    <ele>260.46000000000004</ele>
   </trkpt>
   <trkpt lat="-37.842850000000006" lon="145.33771000000002">
    <ele>258.33</ele>
   </trkpt>
   <trkpt lat="-37.84304" lon="145.33775">
    <ele>255.16</ele>
   </trkpt>
   <trkpt lat="-37.84317" lon="145.33780000000002">
    <ele>253.35000000000002</ele>
   </trkpt>
   <trkpt lat="-37.84357" lon="145.33804">
    <ele>251.60000000000005</ele>
   </trkpt>
   <trkpt lat="-37.84382" lon="145.33804">
    <ele>250.3</ele>
   </trkpt>
   <trkpt lat="-37.84398" lon="145.33810000000003">
    <ele>250.78</ele>
   </trkpt>
   <trkpt lat="-37.84422" lon="145.33827000000002">
    <ele>252.88</ele>
   </trkpt>
   <trkpt lat="-37.84458" lon="145.33867">
    <ele>255.10999999999999</ele>
   </trkpt>
   <trkpt lat="-37.8451" lon="145.33901">
    <ele>248.48000000000002</ele>
   </trkpt>
   <trkpt lat="-37.8457" lon="145.33971000000003">
    <ele>249.69000000000003</ele>
   </trkpt>
   <trkpt lat="-37.84595" lon="145.34006000000002">
    <ele>251.26999999999998</ele>
   </trkpt>
   <trkpt lat="-37.84617" lon="145.34048">
    <ele>252.16</ele>
   </trkpt>
   <trkpt lat="-37.84646" lon="145.34082">
    <ele>252.95000000000002</ele>
   </trkpt>
   <trkpt lat="-37.84673" lon="145.34095000000002">
    <ele>254.57000000000002</ele>
   </trkpt>
   <trkpt lat="-37.84693" lon="145.3411">
    <ele>256.74</ele>
   </trkpt>
   <trkpt lat="-37.84713" lon="145.34135">
    <ele>258.90000000000003</ele>
   </trkpt>
   <trkpt lat="-37.84756" lon="145.34195000000003">
    <ele>267.86</ele>
   </trkpt>
   <trkpt lat="-37.84767" lon="145.34217">
    <ele>269.04</ele>
   </trkpt>
   <trkpt lat="-37.847730000000006" lon="145.34234">
    <ele>270.38</ele>
   </trkpt>
   <trkpt lat="-37.847730000000006" lon="145.34262">
    <ele>275.02000000000004</ele>
   </trkpt>
   <trkpt lat="-37.84767" lon="145.34276">
    <ele>279.25</ele>
   </trkpt>
   <trkpt lat="-37.84756" lon="145.34290000000001">
    <ele>280.86</ele>
   </trkpt>
   <trkpt lat="-37.84751" lon="145.34304">
    <ele>282.3</ele>
   </trkpt>
   <trkpt lat="-37.84745" lon="145.34362000000002">
    <ele>286.11</ele>
   </trkpt>
   <trkpt lat="-37.84747" lon="145.34383000000003">
    <ele>286.5</ele>
   </trkpt>
   <trkpt lat="-37.84745" lon="145.34394">
    <ele>286.73</ele>
   </trkpt>
   <trkpt lat="-37.84736" lon="145.34413">
    <ele>287.95000000000005</ele>
   </trkpt>
   <trkpt lat="-37.84716" lon="145.34429">
    <ele>288.53000000000003</ele>
   </trkpt>
   <trkpt lat="-37.84707" lon="145.34472000000002">
    <ele>286.62000000000006</ele>
   </trkpt>
   <trkpt lat="-37.84707" lon="145.34496000000001">
    <ele>286.62000000000006</ele>
   </trkpt>
   <trkpt lat="-37.847170000000006" lon="145.34528">
    <ele>287.03000000000003</ele>
   </trkpt>
   <trkpt lat="-37.84722" lon="145.34541000000002">
    <ele>287.14</ele>
   </trkpt>
   <trkpt lat="-37.84731" lon="145.34550000000002">
    <ele>287.12000000000006</ele>
   </trkpt>
   <trkpt lat="-37.84745" lon="145.34555">
    <ele>286.96999999999997</ele>
   </trkpt>
   <trkpt lat="-37.84756" lon="145.34556">
    <ele>286.55</ele>
   </trkpt>
   <trkpt lat="-37.84781" lon="145.34555">
    <ele>285.17</ele>
   </trkpt>
   <trkpt lat="-37.84789" lon="145.34557">
    <ele>284.19</ele>
   </trkpt>
   <trkpt lat="-37.84798" lon="145.34563">
    <ele>283.49</ele>
   </trkpt>
   <trkpt lat="-37.848200000000006" lon="145.3459">
    <ele>280.49</ele>
   </trkpt>
   <trkpt lat="-37.84848" lon="145.34639">
    <ele>277.08000000000004</ele>
   </trkpt>
   <trkpt lat="-37.84852" lon="145.34641000000002">
    <ele>277.08000000000004</ele>
   </trkpt>
   <trkpt lat="-37.84854" lon="145.34643">
    <ele>277.08000000000004</ele>
   </trkpt>
   <trkpt lat="-37.84857" lon="145.34639">
    <ele>277.08000000000004</ele>
   </trkpt>
   <trkpt lat="-37.84859" lon="145.34626">
    <ele>275.76</ele>
   </trkpt>
   <trkpt lat="-37.848600001899754" lon="145.34558999997228">
    <ele>271.23</ele>
   </trkpt>
   <trkpt lat="-37.84861" lon="145.34492">
    <ele>268.29</ele>
   </trkpt>
   <trkpt lat="-37.84868" lon="145.34415">
    <ele>266.97</ele>
   </trkpt>
   <trkpt lat="-37.84877000188744" lon="145.3434800008963">
    <ele>266.27</ele>
   </trkpt>
   <trkpt lat="-37.84886" lon="145.34281000000001">
    <ele>264.69000000000005</ele>
   </trkpt>
   <trkpt lat="-37.84888" lon="145.34232">
    <ele>262.89</ele>
   </trkpt>
   <trkpt lat="-37.84886" lon="145.34191">
    <ele>260.95</ele>
   </trkpt>
   <trkpt lat="-37.84869000163196" lon="145.341289998595">
    <ele>258.85</ele>
   </trkpt>
   <trkpt lat="-37.84852" lon="145.34067000000002">
    <ele>254.47000000000003</ele>
   </trkpt>
   <trkpt lat="-37.84845" lon="145.34047">
    <ele>252.5</ele>
   </trkpt>
   <trkpt lat="-37.84816" lon="145.33994">
    <ele>247.99</ele>
   </trkpt>
   <trkpt lat="-37.84807" lon="145.33973">
    <ele>246.38000000000002</ele>
   </trkpt>
   <trkpt lat="-37.84776" lon="145.33938">
    <ele>243.16</ele>
   </trkpt>
   <trkpt lat="-37.84765" lon="145.33934000000002">
    <ele>242.40000000000003</ele>
   </trkpt>
   <trkpt lat="-37.84756" lon="145.33926000000002">
    <ele>242.40000000000003</ele>
   </trkpt>
   <trkpt lat="-37.84729" lon="145.33877">
    <ele>236.32000000000002</ele>
   </trkpt>
   <trkpt lat="-37.84698" lon="145.33795">
    <ele>232.33</ele>
   </trkpt>
   <trkpt lat="-37.84684" lon="145.33762000000002">
    <ele>228.54000000000002</ele>
   </trkpt>
   <trkpt lat="-37.8466" lon="145.33685">
    <ele>226.27</ele>
   </trkpt>
   <trkpt lat="-37.84626" lon="145.33624">
    <ele>222.55</ele>
   </trkpt>
   <trkpt lat="-37.84613" lon="145.33619000000002">
    <ele>220.9</ele>
   </trkpt>
   <trkpt lat="-37.84601" lon="145.33611000000002">
    <ele>219.47000000000003</ele>
   </trkpt>
   <trkpt lat="-37.84595" lon="145.33595000000003">
    <ele>218.00000000000003</ele>
   </trkpt>
   <trkpt lat="-37.84581" lon="145.33519">
    <ele>214.22000000000003</ele>
   </trkpt>
   <trkpt lat="-37.84581" lon="145.33488">
    <ele>213.59000000000003</ele>
   </trkpt>
   <trkpt lat="-37.84581" lon="145.33486000000002">
    <ele>213.59000000000003</ele>
   </trkpt>
   <trkpt lat="-37.84593" lon="145.33428">
    <ele>212.69000000000003</ele>
   </trkpt>
   <trkpt lat="-37.84664" lon="145.33361000000002">
    <ele>215.51</ele>
   </trkpt>
   <trkpt lat="-37.84713" lon="145.33309">
    <ele>219.55</ele>
   </trkpt>
   <trkpt lat="-37.84731" lon="145.33297000000002">
    <ele>221.65</ele>
   </trkpt>
   <trkpt lat="-37.847390000000004" lon="145.33296">
    <ele>221.65</ele>
   </trkpt>
   <trkpt lat="-37.84745" lon="145.33298000000002">
    <ele>221.65</ele>
   </trkpt>
   <trkpt lat="-37.84754" lon="145.3331">
    <ele>225.06</ele>
   </trkpt>
   <trkpt lat="-37.8476" lon="145.33334000000002">
    <ele>227.78</ele>
   </trkpt>
   <trkpt lat="-37.84767" lon="145.33385">
    <ele>229.51000000000002</ele>
   </trkpt>
   <trkpt lat="-37.84772" lon="145.33393">
    <ele>235.24000000000004</ele>
   </trkpt>
   <trkpt lat="-37.84778" lon="145.33398000000003">
    <ele>235.24000000000004</ele>
   </trkpt>
   <trkpt lat="-37.84792" lon="145.33391">
    <ele>236.22</ele>
   </trkpt>
   <trkpt lat="-37.84839" lon="145.33338">
    <ele>239.36</ele>
   </trkpt>
   <trkpt lat="-37.84848" lon="145.3333">
    <ele>239.81000000000003</ele>
   </trkpt>
   <trkpt lat="-37.84857" lon="145.33327">
    <ele>240.37000000000003</ele>
   </trkpt>
   <trkpt lat="-37.848800000000004" lon="145.33329">
    <ele>242.40000000000003</ele>
   </trkpt>
   <trkpt lat="-37.84899" lon="145.33313">
    <ele>241.35</ele>
   </trkpt>
   <trkpt lat="-37.849140000000006" lon="145.33307000000002">
    <ele>240.93000000000004</ele>
   </trkpt>
   <trkpt lat="-37.84926" lon="145.33305000000001">
    <ele>240.26000000000002</ele>
   </trkpt>
   <trkpt lat="-37.84975" lon="145.33316000000002">
    <ele>237.56</ele>
   </trkpt>
   <trkpt lat="-37.84989" lon="145.33313">
    <ele>236.60000000000002</ele>
   </trkpt>
   <trkpt lat="-37.85004" lon="145.333">
    <ele>236.15000000000003</ele>
   </trkpt>
   <trkpt lat="-37.8502" lon="145.33283">
    <ele>234.87</ele>
   </trkpt>
   <trkpt lat="-37.85036" lon="145.33271000000002">
    <ele>233.91</ele>
   </trkpt>
   <trkpt lat="-37.850860000000004" lon="145.33241">
    <ele>230.64000000000001</ele>
   </trkpt>
   <trkpt lat="-37.85085" lon="145.33266">
    <ele>238.28</ele>
   </trkpt>
   <trkpt lat="-37.85076" lon="145.33294">
    <ele>244.98000000000002</ele>
   </trkpt>
   <trkpt lat="-37.8508" lon="145.33325000000002">
    <ele>250.21000000000004</ele>
   </trkpt>
   <trkpt lat="-37.85078" lon="145.33346">
    <ele>253.51000000000002</ele>
   </trkpt>
   <trkpt lat="-37.85064500158185" lon="145.33407000107826">
    <ele>268.67</ele>
   </trkpt>
   <trkpt lat="-37.85051" lon="145.33468000000002">
    <ele>278.25</ele>
   </trkpt>
   <trkpt lat="-37.85051" lon="145.33530000000002">
    <ele>293.83000000000004</ele>
   </trkpt>
   <trkpt lat="-37.85063" lon="145.33599">
    <ele>305.46</ele>
   </trkpt>
   <trkpt lat="-37.85074" lon="145.33634">
    <ele>309.07</ele>
   </trkpt>
   <trkpt lat="-37.85085" lon="145.33637000000002">
    <ele>309.6</ele>
   </trkpt>
   <trkpt lat="-37.85096" lon="145.33634">
    <ele>309.67</ele>
   </trkpt>
   <trkpt lat="-37.851060000000004" lon="145.33639000000002">
    <ele>309.6</ele>
   </trkpt>
   <trkpt lat="-37.85116" lon="145.33651">
    <ele>310.46</ele>
   </trkpt>
   <trkpt lat="-37.85139" lon="145.33696">
    <ele>314.19</ele>
   </trkpt>
   <trkpt lat="-37.85168" lon="145.33735000000001">
    <ele>315.48</ele>
   </trkpt>
   <trkpt lat="-37.85172" lon="145.33751">
    <ele>316.18</ele>
   </trkpt>
   <trkpt lat="-37.85177" lon="145.33761">
    <ele>316.49000000000007</ele>
   </trkpt>
   <trkpt lat="-37.8519" lon="145.33773000000002">
    <ele>316.23</ele>
   </trkpt>
   <trkpt lat="-37.85206" lon="145.33798000000002">
    <ele>316.12</ele>
   </trkpt>
   <trkpt lat="-37.85215" lon="145.33823">
    <ele>316.19</ele>
   </trkpt>
   <trkpt lat="-37.85233" lon="145.33851">
    <ele>314.08000000000004</ele>
   </trkpt>
   <trkpt lat="-37.85242" lon="145.33856">
    <ele>312.23</ele>
   </trkpt>
   <trkpt lat="-37.85293" lon="145.33818000000002">
    <ele>292.24</ele>
   </trkpt>
   <trkpt lat="-37.85304" lon="145.33812">
    <ele>289.42</ele>
   </trkpt>
   <trkpt lat="-37.85313" lon="145.33813">
    <ele>287.21000000000004</ele>
   </trkpt>
   <trkpt lat="-37.85327" lon="145.33823">
    <ele>286.0</ele>
   </trkpt>
   <trkpt lat="-37.85333" lon="145.33833">
    <ele>286.83000000000004</ele>
   </trkpt>
   <trkpt lat="-37.85333" lon="145.33871000000002">
    <ele>290.81</ele>
   </trkpt>
   <trkpt lat="-37.8534" lon="145.33894">
    <ele>292.50000000000006</ele>
   </trkpt>
   <trkpt lat="-37.853460000000005" lon="145.33943000000002">
    <ele>295.67</ele>
   </trkpt>
   <trkpt lat="-37.85358" lon="145.33991">
    <ele>296.82000000000005</ele>
   </trkpt>
   <trkpt lat="-37.85365" lon="145.34067000000002">
    <ele>306.50000000000006</ele>
   </trkpt>
   <trkpt lat="-37.85374" lon="145.34099">
    <ele>310.08000000000004</ele>
   </trkpt>
   <trkpt lat="-37.85387" lon="145.34123000000002">
    <ele>309.17</ele>
   </trkpt>
   <trkpt lat="-37.85419" lon="145.34158000000002">
    <ele>306.85</ele>
   </trkpt>
   <trkpt lat="-37.85448" lon="145.34206">
    <ele>317.99000000000007</ele>
   </trkpt>
   <trkpt lat="-37.85468" lon="145.34225">
    <ele>327.29</ele>
   </trkpt>
   <trkpt lat="-37.85472" lon="145.34233">
    <ele>328.62</ele>
   </trkpt>
   <trkpt lat="-37.85474" lon="145.3426">
    <ele>332.43</ele>
   </trkpt>
   <trkpt lat="-37.85492" lon="145.34293000000002">
    <ele>337.83</ele>
   </trkpt>
   <trkpt lat="-37.85488" lon="145.34337000000002">
    <ele>345.89000000000004</ele>
   </trkpt>
   <trkpt lat="-37.8549" lon="145.34348">
    <ele>345.89000000000004</ele>
   </trkpt>
   <trkpt lat="-37.85492" lon="145.34354000000002">
    <ele>348.73</ele>
   </trkpt>
   <trkpt lat="-37.855050000000006" lon="145.34368">
    <ele>350.04</ele>
   </trkpt>
   <trkpt lat="-37.8551" lon="145.34404">
    <ele>353.07000000000005</ele>
   </trkpt>
   <trkpt lat="-37.85515" lon="145.34415">
    <ele>353.68000000000006</ele>
   </trkpt>
   <trkpt lat="-37.85528" lon="145.34457">
    <ele>353.85</ele>
   </trkpt>
   <trkpt lat="-37.85544" lon="145.34475">
    <ele>352.32</ele>
   </trkpt>
   <trkpt lat="-37.85553" lon="145.34492">
    <ele>352.15000000000003</ele>
   </trkpt>
   <trkpt lat="-37.85593" lon="145.34544000000002">
    <ele>348.57000000000005</ele>
   </trkpt>
   <trkpt lat="-37.85593" lon="145.34545">
    <ele>348.57000000000005</ele>
   </trkpt>
   <trkpt lat="-37.85609" lon="145.34559000000002">
    <ele>346.57000000000005</ele>
   </trkpt>
   <trkpt lat="-37.85622" lon="145.34578000000002">
    <ele>342.24</ele>
   </trkpt>
   <trkpt lat="-37.85663" lon="145.34618">
    <ele>332.48</ele>
   </trkpt>
   <trkpt lat="-37.85703" lon="145.34640000000002">
    <ele>329.48</ele>
   </trkpt>
   <trkpt lat="-37.8573" lon="145.34642000000002">
    <ele>330.92</ele>
   </trkpt>
   <trkpt lat="-37.8575" lon="145.34649000000002">
    <ele>332.89</ele>
   </trkpt>
   <trkpt lat="-37.85783" lon="145.34678000000002">
    <ele>339.46000000000004</ele>
   </trkpt>
   <trkpt lat="-37.85797" lon="145.34686000000002">
    <ele>340.37</ele>
   </trkpt>
   <trkpt lat="-37.85806" lon="145.34698">
    <ele>341.5</ele>
   </trkpt>
   <trkpt lat="-37.85833" lon="145.34718">
    <ele>345.64</ele>
   </trkpt>
   <trkpt lat="-37.85853" lon="145.34743">
    <ele>349.87</ele>
   </trkpt>
   <trkpt lat="-37.8586" lon="145.34761">
    <ele>351.64</ele>
   </trkpt>
   <trkpt lat="-37.85918" lon="145.3476">
    <ele>347.96000000000004</ele>
   </trkpt>
   <trkpt lat="-37.85931" lon="145.34758000000002">
    <ele>345.84000000000003</ele>
   </trkpt>
   <trkpt lat="-37.859370000000006" lon="145.34754">
    <ele>345.84000000000003</ele>
   </trkpt>
   <trkpt lat="-37.85942" lon="145.34772">
    <ele>349.61</ele>
   </trkpt>
   <trkpt lat="-37.859500000000004" lon="145.34782">
    <ele>357.55</ele>
   </trkpt>
   <trkpt lat="-37.86027" lon="145.34776000000002">
    <ele>365.59000000000003</ele>
   </trkpt>
   <trkpt lat="-37.86032" lon="145.34775000000002">
    <ele>366.79</ele>
   </trkpt>
   <trkpt lat="-37.86068" lon="145.34759000000003">
    <ele>371.89000000000004</ele>
   </trkpt>
   <trkpt lat="-37.86097" lon="145.34757000000002">
    <ele>377.90000000000003</ele>
   </trkpt>
   <trkpt lat="-37.86101" lon="145.34763">
    <ele>378.56</ele>
   </trkpt>
   <trkpt lat="-37.86101" lon="145.34771">
    <ele>379.64000000000004</ele>
   </trkpt>
   <trkpt lat="-37.86097" lon="145.34788">
    <ele>381.95</ele>
   </trkpt>
   <trkpt lat="-37.86097" lon="145.34804000000003">
    <ele>382.47</ele>
   </trkpt>
   <trkpt lat="-37.86104" lon="145.34814">
    <ele>383.68</ele>
   </trkpt>
   <trkpt lat="-37.86112" lon="145.34822">
    <ele>384.39</ele>
   </trkpt>
   <trkpt lat="-37.86121" lon="145.34824">
    <ele>387.46000000000004</ele>
   </trkpt>
   <trkpt lat="-37.86128" lon="145.34822">
    <ele>388.20000000000005</ele>
   </trkpt>
   <trkpt lat="-37.86159" lon="145.34802000000002">
    <ele>391.08000000000004</ele>
   </trkpt>
   <trkpt lat="-37.86164" lon="145.34794000000002">
    <ele>392.11</ele>
   </trkpt>
   <trkpt lat="-37.86168" lon="145.34779">
    <ele>393.08000000000004</ele>
   </trkpt>
   <trkpt lat="-37.86162" lon="145.34753">
    <ele>394.83</ele>
   </trkpt>
   <trkpt lat="-37.86162" lon="145.34737">
    <ele>394.83</ele>
   </trkpt>
   <trkpt lat="-37.861790000000006" lon="145.34698">
    <ele>400.68</ele>
   </trkpt>
   <trkpt lat="-37.861830000000005" lon="145.34677000000002">
    <ele>399.72</ele>
   </trkpt>
   <trkpt lat="-37.861790000000006" lon="145.34698">
    <ele>400.68</ele>
   </trkpt>
   <trkpt lat="-37.86186" lon="145.34747000000002">
    <ele>401.11</ele>
   </trkpt>
   <trkpt lat="-37.862115001274674" lon="145.34800999821977">
    <ele>400.61</ele>
   </trkpt>
   <trkpt lat="-37.862370000000006" lon="145.34855000000002">
    <ele>406.19000000000005</ele>
   </trkpt>
   <trkpt lat="-37.86238" lon="145.34883000000002">
    <ele>407.84000000000003</ele>
   </trkpt>
   <trkpt lat="-37.86236" lon="145.34893000000002">
    <ele>409.06</ele>
   </trkpt>
   <trkpt lat="-37.86224" lon="145.34912">
    <ele>413.38</ele>
   </trkpt>
   <trkpt lat="-37.86182" lon="145.34959">
    <ele>421.54</ele>
   </trkpt>
   <trkpt lat="-37.86166" lon="145.34982000000002">
    <ele>423.41</ele>
   </trkpt>
   <trkpt lat="-37.86135" lon="145.35045000000002">
    <ele>432.2900000000001</ele>
   </trkpt>
   <trkpt lat="-37.86115" lon="145.3511">
    <ele>439.32000000000005</ele>
   </trkpt>
   <trkpt lat="-37.86104" lon="145.35133000000002">
    <ele>442.91</ele>
   </trkpt>
   <trkpt lat="-37.860960000000006" lon="145.35146">
    <ele>445.70000000000005</ele>
   </trkpt>
   <trkpt lat="-37.860490000000006" lon="145.35181">
    <ele>454.98</ele>
   </trkpt>
   <trkpt lat="-37.86023" lon="145.35196000000002">
    <ele>458.40000000000003</ele>
   </trkpt>
   <trkpt lat="-37.85994" lon="145.35221">
    <ele>464.0400000000001</ele>
   </trkpt>
   <trkpt lat="-37.8596" lon="145.35241000000002">
    <ele>468.31000000000006</ele>
   </trkpt>
   <trkpt lat="-37.85945" lon="145.35244">
    <ele>470.1</ele>
   </trkpt>
   <trkpt lat="-37.8592" lon="145.35248">
    <ele>472.52000000000004</ele>
   </trkpt>
   <trkpt lat="-37.85851" lon="145.35268000000002">
    <ele>483.7</ele>
   </trkpt>
   <trkpt lat="-37.85815" lon="145.35273">
    <ele>490.46000000000004</ele>
   </trkpt>
   <trkpt lat="-37.857640000111324" lon="145.35270499983238">
    <ele>496.39000000000004</ele>
   </trkpt>
   <trkpt lat="-37.857130000000005" lon="145.35268000000002">
    <ele>500.87</ele>
   </trkpt>
   <trkpt lat="-37.85712" lon="145.35268000000002">
    <ele>500.87</ele>
   </trkpt>
   <trkpt lat="-37.85701" lon="145.35266000000001">
    <ele>502.36</ele>
   </trkpt>
   <trkpt lat="-37.85683" lon="145.35260000000002">
    <ele>504.05</ele>
   </trkpt>
   <trkpt lat="-37.85636" lon="145.35252">
    <ele>505.78</ele>
   </trkpt>
   <trkpt lat="-37.85622" lon="145.35247">
    <ele>504.7900000000001</ele>
   </trkpt>
   <trkpt lat="-37.85614" lon="145.35240000000002">
    <ele>503.84000000000003</ele>
   </trkpt>
   <trkpt lat="-37.85580500091417" lon="145.35193999793628">
    <ele>494.28000000000003</ele>
   </trkpt>
   <trkpt lat="-37.855470000000004" lon="145.35148">
    <ele>486.69000000000005</ele>
   </trkpt>
   <trkpt lat="-37.85507500121872" lon="145.3509249969086">
    <ele>477.73</ele>
   </trkpt>
   <trkpt lat="-37.85468" lon="145.35037">
    <ele>469.93</ele>
   </trkpt>
   <trkpt lat="-37.85419" lon="145.34983000000003">
    <ele>454.11</ele>
   </trkpt>
   <trkpt lat="-37.85378" lon="145.34931">
    <ele>446.83000000000004</ele>
   </trkpt>
   <trkpt lat="-37.85349" lon="145.34869">
    <ele>442.42</ele>
   </trkpt>
   <trkpt lat="-37.85343" lon="145.34844">
    <ele>434.37</ele>
   </trkpt>
   <trkpt lat="-37.853440000000006" lon="145.34834">
    <ele>434.1700000000001</ele>
   </trkpt>
   <trkpt lat="-37.85329" lon="145.34838000000002">
    <ele>431.77000000000004</ele>
   </trkpt>
   <trkpt lat="-37.85298" lon="145.34869">
    <ele>425.6</ele>
   </trkpt>
   <trkpt lat="-37.85284" lon="145.34871">
    <ele>422.15000000000003</ele>
   </trkpt>
   <trkpt lat="-37.85262" lon="145.34889">
    <ele>413.32</ele>
   </trkpt>
   <trkpt lat="-37.85246" lon="145.34893000000002">
    <ele>410.75000000000006</ele>
   </trkpt>
   <trkpt lat="-37.85195" lon="145.34931">
    <ele>390.07</ele>
   </trkpt>
   <trkpt lat="-37.85116" lon="145.34979">
    <ele>360.00000000000006</ele>
   </trkpt>
   <trkpt lat="-37.85105" lon="145.34977">
    <ele>357.03000000000003</ele>
   </trkpt>
   <trkpt lat="-37.85098" lon="145.34968">
    <ele>352.25</ele>
   </trkpt>
   <trkpt lat="-37.8508" lon="145.34936000000002">
    <ele>343.33000000000004</ele>
   </trkpt>
   <trkpt lat="-37.8506" lon="145.34881000000001">
    <ele>337.1</ele>
   </trkpt>
   <trkpt lat="-37.85033500134351" lon="145.34822999774286">
    <ele>329.24</ele>
   </trkpt>
   <trkpt lat="-37.85007" lon="145.34765000000002">
    <ele>321.24</ele>
   </trkpt>
   <trkpt lat="-37.84975" lon="145.34712000000002">
    <ele>310.68</ele>
   </trkpt>
   <trkpt lat="-37.84964" lon="145.34674">
    <ele>307.49</ele>
   </trkpt>
   <trkpt lat="-37.84937" lon="145.34567">
    <ele>297.32000000000005</ele>
   </trkpt>
   <trkpt lat="-37.8491" lon="145.34499000000002">
    <ele>284.77000000000004</ele>
   </trkpt>
   <trkpt lat="-37.84895" lon="145.34452000000002">
    <ele>278.01000000000005</ele>
   </trkpt>
   <trkpt lat="-37.84886" lon="145.34412">
    <ele>270.61</ele>
   </trkpt>
   <trkpt lat="-37.848760000000006" lon="145.34363000000002">
    <ele>266.52000000000004</ele>
   </trkpt>
   <trkpt lat="-37.84875" lon="145.34361">
    <ele>266.52000000000004</ele>
   </trkpt>
   <trkpt lat="-37.84868" lon="145.34415">
    <ele>266.97</ele>
   </trkpt>
   <trkpt lat="-37.84861" lon="145.34492">
    <ele>268.29</ele>
   </trkpt>
   <trkpt lat="-37.848600001896216" lon="145.34559000020948">
    <ele>271.23</ele>
   </trkpt>
   <trkpt lat="-37.84859" lon="145.34626">
    <ele>274.84000000000003</ele>
   </trkpt>
   <trkpt lat="-37.84857" lon="145.34640000000002">
    <ele>276.75</ele>
   </trkpt>
   <trkpt lat="-37.84854" lon="145.34643">
    <ele>276.75</ele>
   </trkpt>
   <trkpt lat="-37.84848" lon="145.34639">
    <ele>277.72</ele>
   </trkpt>
   <trkpt lat="-37.848200000000006" lon="145.3459">
    <ele>281.96000000000004</ele>
   </trkpt>
   <trkpt lat="-37.84798" lon="145.34563">
    <ele>284.19</ele>
   </trkpt>
   <trkpt lat="-37.84789" lon="145.34557">
    <ele>284.19</ele>
   </trkpt>
   <trkpt lat="-37.84781" lon="145.34555">
    <ele>285.17</ele>
   </trkpt>
   <trkpt lat="-37.84756" lon="145.34556">
    <ele>286.74000000000007</ele>
   </trkpt>
   <trkpt lat="-37.84745" lon="145.34555">
    <ele>286.96999999999997</ele>
   </trkpt>
   <trkpt lat="-37.84731" lon="145.34550000000002">
    <ele>287.12000000000006</ele>
   </trkpt>
   <trkpt lat="-37.84722" lon="145.34541000000002">
    <ele>287.14</ele>
   </trkpt>
   <trkpt lat="-37.847170000000006" lon="145.34528">
    <ele>287.03000000000003</ele>
   </trkpt>
   <trkpt lat="-37.84707" lon="145.34496000000001">
    <ele>286.62000000000006</ele>
   </trkpt>
   <trkpt lat="-37.84707" lon="145.34472000000002">
    <ele>286.62000000000006</ele>
   </trkpt>
   <trkpt lat="-37.8472" lon="145.34408000000002">
    <ele>299.77000000000004</ele>
   </trkpt>
   <trkpt lat="-37.84718" lon="145.34387">
    <ele>288.61</ele>
   </trkpt>
   <trkpt lat="-37.847170000000006" lon="145.34381000000002">
    <ele>288.61</ele>
   </trkpt>
   <trkpt lat="-37.84709" lon="145.34374000000003">
    <ele>289.90999999999997</ele>
   </trkpt>
   <trkpt lat="-37.84702" lon="145.34371000000002">
    <ele>289.90999999999997</ele>
   </trkpt>
   <trkpt lat="-37.84691" lon="145.34377">
    <ele>291.39000000000004</ele>
   </trkpt>
   <trkpt lat="-37.84666" lon="145.3442">
    <ele>294.74</ele>
   </trkpt>
   <trkpt lat="-37.84657" lon="145.34428">
    <ele>294.74</ele>
   </trkpt>
   <trkpt lat="-37.84642" lon="145.34432">
    <ele>298.33000000000004</ele>
   </trkpt>
   <trkpt lat="-37.84599" lon="145.34422">
    <ele>305.47</ele>
   </trkpt>
   <trkpt lat="-37.84579" lon="145.34413">
    <ele>306.95</ele>
   </trkpt>
   <trkpt lat="-37.84568" lon="145.34411">
    <ele>310.49</ele>
   </trkpt>
   <trkpt lat="-37.84559" lon="145.34419000000003">
    <ele>317.18</ele>
   </trkpt>
   <trkpt lat="-37.84557" lon="145.34426000000002">
    <ele>317.85</ele>
   </trkpt>
   <trkpt lat="-37.84559" lon="145.34452000000002">
    <ele>320.21000000000004</ele>
   </trkpt>
   <trkpt lat="-37.8457" lon="145.34482">
    <ele>323.36</ele>
   </trkpt>
   <trkpt lat="-37.84586" lon="145.34505000000001">
    <ele>324.87000000000006</ele>
   </trkpt>
   <trkpt lat="-37.84597" lon="145.34538">
    <ele>325.95</ele>
   </trkpt>
   <trkpt lat="-37.84595" lon="145.34548">
    <ele>326.54</ele>
   </trkpt>
   <trkpt lat="-37.8459" lon="145.34558">
    <ele>327.27</ele>
   </trkpt>
   <trkpt lat="-37.84572" lon="145.34585">
    <ele>332.36</ele>
   </trkpt>
   <trkpt lat="-37.84561" lon="145.34591">
    <ele>334.21</ele>
   </trkpt>
   <trkpt lat="-37.84548" lon="145.34592">
    <ele>335.84000000000003</ele>
   </trkpt>
   <trkpt lat="-37.84543" lon="145.3459">
    <ele>336.59</ele>
   </trkpt>
   <trkpt lat="-37.84519" lon="145.34607000000003">
    <ele>343.25000000000006</ele>
   </trkpt>
   <trkpt lat="-37.845060000000004" lon="145.34613000000002">
    <ele>343.25000000000006</ele>
   </trkpt>
   <trkpt lat="-37.84476" lon="145.34615000000002">
    <ele>355.79</ele>
   </trkpt>
   <trkpt lat="-37.84445" lon="145.34615000000002">
    <ele>359.21000000000004</ele>
   </trkpt>
   <trkpt lat="-37.84418" lon="145.34607000000003">
    <ele>362.8</ele>
   </trkpt>
   <trkpt lat="-37.84398" lon="145.34587000000002">
    <ele>367.3</ele>
   </trkpt>
   <trkpt lat="-37.84393" lon="145.34585">
    <ele>369.75</ele>
   </trkpt>
   <trkpt lat="-37.843880000000006" lon="145.34591">
    <ele>372.07</ele>
   </trkpt>
   <trkpt lat="-37.8438" lon="145.34609">
    <ele>375.14000000000004</ele>
   </trkpt>
   <trkpt lat="-37.84378" lon="145.34646">
    <ele>379.66</ele>
   </trkpt>
   <trkpt lat="-37.84384" lon="145.3469">
    <ele>387.40000000000003</ele>
   </trkpt>
   <trkpt lat="-37.84382" lon="145.34711000000001">
    <ele>391.15000000000003</ele>
   </trkpt>
   <trkpt lat="-37.84337" lon="145.34801000000002">
    <ele>403.68</ele>
   </trkpt>
   <trkpt lat="-37.84328" lon="145.34847000000002">
    <ele>405.64000000000004</ele>
   </trkpt>
   <trkpt lat="-37.84322" lon="145.34862">
    <ele>406.69000000000005</ele>
   </trkpt>
   <trkpt lat="-37.84313" lon="145.34868">
    <ele>407.73</ele>
   </trkpt>
   <trkpt lat="-37.84304" lon="145.34869">
    <ele>409.08000000000004</ele>
   </trkpt>
   <trkpt lat="-37.84297" lon="145.34869">
    <ele>410.68000000000006</ele>
   </trkpt>
   <trkpt lat="-37.84286" lon="145.34865000000002">
    <ele>412.38</ele>
   </trkpt>
   <trkpt lat="-37.842760000000006" lon="145.34866000000002">
    <ele>416.92</ele>
   </trkpt>
   <trkpt lat="-37.84237" lon="145.3488">
    <ele>423.95000000000005</ele>
   </trkpt>
   <trkpt lat="-37.84219" lon="145.34892000000002">
    <ele>426.73</ele>
   </trkpt>
   <trkpt lat="-37.8421" lon="145.34902000000002">
    <ele>431.63</ele>
   </trkpt>
   <trkpt lat="-37.84198000000001" lon="145.34904">
    <ele>431.63</ele>
   </trkpt>
   <trkpt lat="-37.841860000000004" lon="145.34887">
    <ele>435.71000000000004</ele>
   </trkpt>
   <trkpt lat="-37.842000000000006" lon="145.34844">
    <ele>437.18</ele>
   </trkpt>
   <trkpt lat="-37.84221" lon="145.34804000000003">
    <ele>438.76000000000005</ele>
   </trkpt>
   <trkpt lat="-37.8423" lon="145.34775000000002">
    <ele>439.58000000000004</ele>
   </trkpt>
   <trkpt lat="-37.84232" lon="145.34731000000002">
    <ele>443.12</ele>
   </trkpt>
   <trkpt lat="-37.84228" lon="145.347">
    <ele>444.79</ele>
   </trkpt>
   <trkpt lat="-37.84228" lon="145.3468">
    <ele>445.07</ele>
   </trkpt>
   <trkpt lat="-37.8423" lon="145.34661">
    <ele>446.51</ele>
   </trkpt>
   <trkpt lat="-37.84239" lon="145.34612">
    <ele>448.17</ele>
   </trkpt>
   <trkpt lat="-37.84241" lon="145.34594">
    <ele>449.0</ele>
   </trkpt>
   <trkpt lat="-37.84239" lon="145.34554">
    <ele>450.97</ele>
   </trkpt>
   <trkpt lat="-37.8423" lon="145.34518">
    <ele>452.0</ele>
   </trkpt>
   <trkpt lat="-37.84221" lon="145.34493">
    <ele>452.26000000000005</ele>
   </trkpt>
   <trkpt lat="-37.842040000000004" lon="145.34463000000002">
    <ele>453.17</ele>
   </trkpt>
   <trkpt lat="-37.84183" lon="145.34441">
    <ele>454.08000000000004</ele>
   </trkpt>
   <trkpt lat="-37.84163" lon="145.34426000000002">
    <ele>454.61</ele>
   </trkpt>
   <trkpt lat="-37.84125" lon="145.34408000000002">
    <ele>457.69000000000005</ele>
   </trkpt>
   <trkpt lat="-37.84091" lon="145.34394">
    <ele>459.34000000000003</ele>
   </trkpt>
   <trkpt lat="-37.84057" lon="145.34386">
    <ele>462.64000000000004</ele>
   </trkpt>
   <trkpt lat="-37.84024" lon="145.34384">
    <ele>465.39000000000004</ele>
   </trkpt>
   <trkpt lat="-37.84028" lon="145.34392000000003">
    <ele>466.84000000000003</ele>
   </trkpt>
   <trkpt lat="-37.84051" lon="145.34409000000002">
    <ele>470.59000000000003</ele>
   </trkpt>
   <trkpt lat="-37.84066" lon="145.34425000000002">
    <ele>473.59000000000003</ele>
   </trkpt>
   <trkpt lat="-37.8412" lon="145.34506000000002">
    <ele>490.28000000000003</ele>
   </trkpt>
   <trkpt lat="-37.84122" lon="145.34513">
    <ele>490.28000000000003</ele>
   </trkpt>
   <trkpt lat="-37.84122" lon="145.34518">
    <ele>490.28000000000003</ele>
   </trkpt>
   <trkpt lat="-37.84118" lon="145.34518">
    <ele>494.7900000000001</ele>
   </trkpt>
   <trkpt lat="-37.84082" lon="145.34505000000001">
    <ele>500.02</ele>
   </trkpt>
   <trkpt lat="-37.84053" lon="145.34499000000002">
    <ele>504.73</ele>
   </trkpt>
   <trkpt lat="-37.8401" lon="145.34494">
    <ele>510.15</ele>
   </trkpt>
   <trkpt lat="-37.83979" lon="145.34494">
    <ele>515.15</ele>
   </trkpt>
   <trkpt lat="-37.83977" lon="145.34496000000001">
    <ele>515.15</ele>
   </trkpt>
   <trkpt lat="-37.83977" lon="145.34502">
    <ele>515.15</ele>
   </trkpt>
   <trkpt lat="-37.84004" lon="145.34539">
    <ele>527.3500000000001</ele>
   </trkpt>
   <trkpt lat="-37.84035" lon="145.34608">
    <ele>537.0100000000001</ele>
   </trkpt>
   <trkpt lat="-37.84035" lon="145.34613000000002">
    <ele>537.97</ele>
   </trkpt>
   <trkpt lat="-37.84033" lon="145.34614000000002">
    <ele>537.97</ele>
   </trkpt>
   <trkpt lat="-37.84013" lon="145.34605000000002">
    <ele>540.91</ele>
   </trkpt>
   <trkpt lat="-37.84004" lon="145.34603">
    <ele>542.35</ele>
   </trkpt>
   <trkpt lat="-37.83979" lon="145.34601">
    <ele>548.3</ele>
   </trkpt>
   <trkpt lat="-37.83912" lon="145.34611">
    <ele>562.06</ele>
   </trkpt>
   <trkpt lat="-37.83896" lon="145.34608">
    <ele>564.3900000000001</ele>
   </trkpt>
   <trkpt lat="-37.83872" lon="145.34589000000003">
    <ele>564.24</ele>
   </trkpt>
   <trkpt lat="-37.83856" lon="145.34584">
    <ele>565.73</ele>
   </trkpt>
   <trkpt lat="-37.83843" lon="145.34587000000002">
    <ele>568.72</ele>
   </trkpt>
   <trkpt lat="-37.83834" lon="145.34596000000002">
    <ele>571.28</ele>
   </trkpt>
   <trkpt lat="-37.83813" lon="145.34605000000002">
    <ele>579.32</ele>
   </trkpt>
   <trkpt lat="-37.83791" lon="145.34608">
    <ele>585.1800000000001</ele>
   </trkpt>
   <trkpt lat="-37.83771" lon="145.34619">
    <ele>590.1800000000001</ele>
   </trkpt>
   <trkpt lat="-37.8376" lon="145.34623000000002">
    <ele>593.48</ele>
   </trkpt>
   <trkpt lat="-37.83733" lon="145.34626">
    <ele>599.07</ele>
   </trkpt>
   <trkpt lat="-37.83726" lon="145.34629">
    <ele>601.11</ele>
   </trkpt>
   <trkpt lat="-37.83706" lon="145.34649000000002">
    <ele>606.34</ele>
   </trkpt>
   <trkpt lat="-37.83699" lon="145.34654">
    <ele>608.14</ele>
   </trkpt>
   <trkpt lat="-37.83681" lon="145.34658000000002">
    <ele>610.36</ele>
   </trkpt>
   <trkpt lat="-37.83668" lon="145.34659000000002">
    <ele>610.58</ele>
   </trkpt>
   <trkpt lat="-37.8363" lon="145.34654">
    <ele>605.87</ele>
   </trkpt>
   <trkpt lat="-37.83601" lon="145.34655">
    <ele>602.89</ele>
   </trkpt>
   <trkpt lat="-37.83574" lon="145.34658000000002">
    <ele>600.4200000000001</ele>
   </trkpt>
   <trkpt lat="-37.835150000000006" lon="145.34676000000002">
    <ele>596.8500000000001</ele>
   </trkpt>
   <trkpt lat="-37.83487" lon="145.34681">
    <ele>596.33</ele>
   </trkpt>
   <trkpt lat="-37.8344" lon="145.34703000000002">
    <ele>596.2400000000001</ele>
   </trkpt>
   <trkpt lat="-37.83413" lon="145.34727">
    <ele>596.4200000000001</ele>
   </trkpt>
   <trkpt lat="-37.83379500086186" lon="145.3476750016354">
    <ele>596.7900000000001</ele>
   </trkpt>
   <trkpt lat="-37.83346" lon="145.34808">
    <ele>594.62</ele>
   </trkpt>
   <trkpt lat="-37.833330000000004" lon="145.3484">
    <ele>595.25</ele>
   </trkpt>
   <trkpt lat="-37.83323" lon="145.34911000000002">
    <ele>590.86</ele>
   </trkpt>
   <trkpt lat="-37.83296" lon="145.34934">
    <ele>587.34</ele>
   </trkpt>
   <trkpt lat="-37.83287" lon="145.34947000000003">
    <ele>586.1</ele>
   </trkpt>
   <trkpt lat="-37.83274" lon="145.34954000000002">
    <ele>585.5600000000001</ele>
   </trkpt>
   <trkpt lat="-37.83267" lon="145.34969">
    <ele>585.0000000000001</ele>
   </trkpt>
   <trkpt lat="-37.83231" lon="145.35010000000003">
    <ele>576.71</ele>
   </trkpt>
   <trkpt lat="-37.83196" lon="145.35046">
    <ele>569.8000000000001</ele>
   </trkpt>
   <trkpt lat="-37.83162" lon="145.35071000000002">
    <ele>562.45</ele>
   </trkpt>
   <trkpt lat="-37.83122" lon="145.35091">
    <ele>555.5300000000001</ele>
   </trkpt>
   <trkpt lat="-37.83093" lon="145.35097000000002">
    <ele>555.48</ele>
   </trkpt>
   <trkpt lat="-37.83066" lon="145.35092">
    <ele>557.62</ele>
   </trkpt>
   <trkpt lat="-37.83032" lon="145.35069000000001">
    <ele>559.47</ele>
   </trkpt>
   <trkpt lat="-37.82999" lon="145.35055">
    <ele>562.84</ele>
   </trkpt>
   <trkpt lat="-37.82963" lon="145.35047">
    <ele>565.6300000000001</ele>
   </trkpt>
   <trkpt lat="-37.82943" lon="145.35047">
    <ele>567.9399999999999</ele>
   </trkpt>
   <trkpt lat="-37.82911" lon="145.35060000000001">
    <ele>573.76</ele>
   </trkpt>
   <trkpt lat="-37.828629999903704" lon="145.35060500003354">
    <ele>576.01</ele>
   </trkpt>
   <trkpt lat="-37.82815" lon="145.35061000000002">
    <ele>574.1700000000001</ele>
   </trkpt>
   <trkpt lat="-37.82758000003291" lon="145.35072500089296">
    <ele>573.3900000000001</ele>
   </trkpt>
   <trkpt lat="-37.82701" lon="145.35084">
    <ele>576.07</ele>
   </trkpt>
   <trkpt lat="-37.82658" lon="145.35101">
    <ele>575.5</ele>
   </trkpt>
   <trkpt lat="-37.82625" lon="145.35122">
    <ele>577.1400000000001</ele>
   </trkpt>
   <trkpt lat="-37.82625" lon="145.35123000000002">
    <ele>577.1400000000001</ele>
   </trkpt>
   <trkpt lat="-37.82596" lon="145.35162000000003">
    <ele>579.95</ele>
   </trkpt>
   <trkpt lat="-37.82558" lon="145.35231000000002">
    <ele>583.21</ele>
   </trkpt>
   <trkpt lat="-37.82551" lon="145.35260000000002">
    <ele>583.9700000000001</ele>
   </trkpt>
   <trkpt lat="-37.82547" lon="145.35287000000002">
    <ele>584.4200000000001</ele>
   </trkpt>
   <trkpt lat="-37.82553" lon="145.35331000000002">
    <ele>584.49</ele>
   </trkpt>
   <trkpt lat="-37.82555" lon="145.35337">
    <ele>584.49</ele>
   </trkpt>
   <trkpt lat="-37.82544" lon="145.35431">
    <ele>577.64</ele>
   </trkpt>
   <trkpt lat="-37.82535" lon="145.35486">
    <ele>572.73</ele>
   </trkpt>
   <trkpt lat="-37.82531" lon="145.35505">
    <ele>571.72</ele>
   </trkpt>
   <trkpt lat="-37.82529" lon="145.35529000000002">
    <ele>571.22</ele>
   </trkpt>
   <trkpt lat="-37.82529" lon="145.35569">
    <ele>570.6</ele>
   </trkpt>
   <trkpt lat="-37.82536" lon="145.35629">
    <ele>566.88</ele>
   </trkpt>
   <trkpt lat="-37.825320000000005" lon="145.35658">
    <ele>564.4200000000001</ele>
   </trkpt>
   <trkpt lat="-37.82504" lon="145.35681000000002">
    <ele>558.2900000000001</ele>
   </trkpt>
   <trkpt lat="-37.82493" lon="145.35696000000002">
    <ele>557.62</ele>
   </trkpt>
   <trkpt lat="-37.82419" lon="145.35738">
    <ele>545.51</ele>
   </trkpt>
   <trkpt lat="-37.82405" lon="145.35753000000003">
    <ele>545.24</ele>
   </trkpt>
   <trkpt lat="-37.8237" lon="145.35811">
    <ele>547.7200000000001</ele>
   </trkpt>
   <trkpt lat="-37.82334" lon="145.3588">
    <ele>546.8700000000001</ele>
   </trkpt>
   <trkpt lat="-37.82314" lon="145.35915">
    <ele>541.45</ele>
   </trkpt>
   <trkpt lat="-37.82291" lon="145.35968000000003">
    <ele>541.0200000000001</ele>
   </trkpt>
   <trkpt lat="-37.82251" lon="145.36048000000002">
    <ele>537.37</ele>
   </trkpt>
   <trkpt lat="-37.82247" lon="145.36068">
    <ele>539.34</ele>
   </trkpt>
   <trkpt lat="-37.82251" lon="145.36086">
    <ele>543.52</ele>
   </trkpt>
   <trkpt lat="-37.82287" lon="145.36139">
    <ele>550.6500000000001</ele>
   </trkpt>
   <trkpt lat="-37.82285" lon="145.36151">
    <ele>550.94</ele>
   </trkpt>
   <trkpt lat="-37.82278" lon="145.36161">
    <ele>551.15</ele>
   </trkpt>
   <trkpt lat="-37.82251" lon="145.36179">
    <ele>551.8100000000001</ele>
   </trkpt>
   <trkpt lat="-37.822390000000006" lon="145.36191000000002">
    <ele>551.9900000000001</ele>
   </trkpt>
   <trkpt lat="-37.82222" lon="145.36195">
    <ele>552.5300000000001</ele>
   </trkpt>
   <trkpt lat="-37.82186" lon="145.36196">
    <ele>552.46</ele>
   </trkpt>
   <trkpt lat="-37.82168" lon="145.36193">
    <ele>551.5600000000001</ele>
   </trkpt>
   <trkpt lat="-37.82114" lon="145.36204">
    <ele>543.07</ele>
   </trkpt>
   <trkpt lat="-37.82092" lon="145.36214">
    <ele>536.76</ele>
   </trkpt>
   <trkpt lat="-37.82016" lon="145.36235000000002">
    <ele>511.19</ele>
   </trkpt>
   <trkpt lat="-37.81996" lon="145.36259">
    <ele>505.97</ele>
   </trkpt>
   <trkpt lat="-37.81976" lon="145.36298000000002">
    <ele>503.45000000000005</ele>
   </trkpt>
   <trkpt lat="-37.81969" lon="145.36317000000003">
    <ele>503.45000000000005</ele>
   </trkpt>
   <trkpt lat="-37.81958" lon="145.36325000000002">
    <ele>502.07</ele>
   </trkpt>
   <trkpt lat="-37.81949" lon="145.36302">
    <ele>496.34000000000003</ele>
   </trkpt>
   <trkpt lat="-37.81931" lon="145.36299000000002">
    <ele>484.53000000000003</ele>
   </trkpt>
   <trkpt lat="-37.81877" lon="145.36299000000002">
    <ele>468.05</ele>
   </trkpt>
   <trkpt lat="-37.8183" lon="145.36328">
    <ele>462.40000000000003</ele>
   </trkpt>
   <trkpt lat="-37.817980000000006" lon="145.36344000000003">
    <ele>462.59000000000003</ele>
   </trkpt>
   <trkpt lat="-37.81779" lon="145.36370000000002">
    <ele>463.33</ele>
   </trkpt>
   <trkpt lat="-37.81765" lon="145.36397000000002">
    <ele>463.52000000000004</ele>
   </trkpt>
   <trkpt lat="-37.817600000000006" lon="145.36438">
    <ele>464.97</ele>
   </trkpt>
   <trkpt lat="-37.817600000000006" lon="145.36507">
    <ele>468.22</ele>
   </trkpt>
   <trkpt lat="-37.8177" lon="145.36568000000003">
    <ele>471.08000000000004</ele>
   </trkpt>
   <trkpt lat="-37.81774" lon="145.36581">
    <ele>472.19000000000005</ele>
   </trkpt>
   <trkpt lat="-37.81774" lon="145.36595">
    <ele>472.49</ele>
   </trkpt>
   <trkpt lat="-37.81765" lon="145.36620000000002">
    <ele>472.83000000000004</ele>
   </trkpt>
   <trkpt lat="-37.817510000000006" lon="145.36671">
    <ele>469.03000000000003</ele>
   </trkpt>
   <trkpt lat="-37.816829999901934" lon="145.36669999990644">
    <ele>460.92</ele>
   </trkpt>
   <trkpt lat="-37.81615" lon="145.36669">
    <ele>453.11</ele>
   </trkpt>
   <trkpt lat="-37.81573" lon="145.36681000000002">
    <ele>448.11000000000007</ele>
   </trkpt>
   <trkpt lat="-37.8155" lon="145.36708000000002">
    <ele>445.72</ele>
   </trkpt>
   <trkpt lat="-37.81537" lon="145.36716">
    <ele>444.63</ele>
   </trkpt>
   <trkpt lat="-37.81508" lon="145.36724">
    <ele>445.32000000000005</ele>
   </trkpt>
   <trkpt lat="-37.81488" lon="145.36741">
    <ele>446.91</ele>
   </trkpt>
   <trkpt lat="-37.814710000000005" lon="145.36781000000002">
    <ele>451.21000000000004</ele>
   </trkpt>
   <trkpt lat="-37.8147" lon="145.36782000000002">
    <ele>451.21000000000004</ele>
   </trkpt>
   <trkpt lat="-37.81459" lon="145.36827000000002">
    <ele>454.77000000000004</ele>
   </trkpt>
   <trkpt lat="-37.81459" lon="145.36878000000002">
    <ele>458.78000000000003</ele>
   </trkpt>
   <trkpt lat="-37.81467" lon="145.36967">
    <ele>467.59000000000003</ele>
   </trkpt>
   <trkpt lat="-37.81481" lon="145.37055">
    <ele>475.23</ele>
   </trkpt>
   <trkpt lat="-37.81479" lon="145.37143">
    <ele>471.95000000000005</ele>
   </trkpt>
   <trkpt lat="-37.81461" lon="145.37204">
    <ele>467.49</ele>
   </trkpt>
   <trkpt lat="-37.81441" lon="145.37232">
    <ele>465.16</ele>
   </trkpt>
   <trkpt lat="-37.81396" lon="145.37239000000002">
    <ele>463.45000000000005</ele>
   </trkpt>
   <trkpt lat="-37.81358" lon="145.37265000000002">
    <ele>460.69000000000005</ele>
   </trkpt>
   <trkpt lat="-37.81331" lon="145.37307">
    <ele>459.37000000000006</ele>
   </trkpt>
   <trkpt lat="-37.81349" lon="145.37412">
    <ele>458.38000000000005</ele>
   </trkpt>
   <trkpt lat="-37.81367000268485" lon="145.3749149981211">
    <ele>453.98</ele>
   </trkpt>
   <trkpt lat="-37.81385" lon="145.37571">
    <ele>444.93000000000006</ele>
   </trkpt>
   <trkpt lat="-37.81395000159152" lon="145.37631999928806">
    <ele>441.72</ele>
   </trkpt>
   <trkpt lat="-37.81405" lon="145.37693000000002">
    <ele>436.58000000000004</ele>
   </trkpt>
   <trkpt lat="-37.81405" lon="145.37694000000002">
    <ele>436.58000000000004</ele>
   </trkpt>
   <trkpt lat="-37.81451500141575" lon="145.37752499627666">
    <ele>431.32000000000005</ele>
   </trkpt>
   <trkpt lat="-37.814980000000006" lon="145.37811000000002">
    <ele>424.95000000000005</ele>
   </trkpt>
   <trkpt lat="-37.81523" lon="145.37830000000002">
    <ele>425.06000000000006</ele>
   </trkpt>
   <trkpt lat="-37.81566" lon="145.37857000000002">
    <ele>426.02</ele>
   </trkpt>
   <trkpt lat="-37.81579" lon="145.3788">
    <ele>426.55</ele>
   </trkpt>
   <trkpt lat="-37.816" lon="145.37896">
    <ele>427.37</ele>
   </trkpt>
   <trkpt lat="-37.81613" lon="145.37887">
    <ele>428.27000000000004</ele>
   </trkpt>
   <trkpt lat="-37.81617" lon="145.37872000000002">
    <ele>429.86</ele>
   </trkpt>
   <trkpt lat="-37.81629" lon="145.37849">
    <ele>430.39000000000004</ele>
   </trkpt>
   <trkpt lat="-37.81642" lon="145.37833">
    <ele>431.21000000000004</ele>
   </trkpt>
   <trkpt lat="-37.81656" lon="145.37825">
    <ele>431.97</ele>
   </trkpt>
   <trkpt lat="-37.81676" lon="145.37821000000002">
    <ele>432.19</ele>
   </trkpt>
   <trkpt lat="-37.81696" lon="145.37828000000002">
    <ele>432.19</ele>
   </trkpt>
   <trkpt lat="-37.81727" lon="145.37852">
    <ele>432.08</ele>
   </trkpt>
   <trkpt lat="-37.81743" lon="145.37873000000002">
    <ele>430.62000000000006</ele>
   </trkpt>
   <trkpt lat="-37.81752" lon="145.37898">
    <ele>428.3</ele>
   </trkpt>
   <trkpt lat="-37.817550000000004" lon="145.37901000000002">
    <ele>428.3</ele>
   </trkpt>
   <trkpt lat="-37.81741" lon="145.37931">
    <ele>427.64</ele>
   </trkpt>
  </trkseg>
 </trk>
</gpx>
